,response_id,snippet,readability,short,top_bottom,sufficient_info,clear_goal,basic,logical_separation,flat,action_per_line,constants,naming,style_guide,balance
269,707,b10.png,Unreadable,-1,-1,+1,+1,-1,-1,-1,0,+1,+1,+1,+1
367,882,b10.png,Readable,+1,-1,0,0,+2,+2,+1,+2,+1,-1,+1,+1
438,266,b10.png,Unreadable,-2,0,+2,-2,+2,0,+2,+2,-2,-2,-2,0
728,872,b10.png,Unreadable,0,-1,+2,-1,+1,-1,-1,-1,-2,-2,-1,0
933,595,b10.png,Unreadable,-1,0,0,+1,+1,-1,-1,+1,0,0,+1,-1
1109,178,b10.png,Unreadable,+2,+2,+2,+1,+2,0,+2,+2,-2,-1,-1,0
1140,247,b10.png,Unreadable,-2,-1,+2,-2,+2,-2,-2,-1,-1,-2,-1,-1
1240,498,b10.png,Unreadable,-2,-1,+2,0,+2,-2,+1,+1,-2,-2,-2,+2
1266,563,b10.png,Readable,-2,0,+1,-1,+1,0,-1,-1,+2,-1,0,0
1269,574,b10.png,Unreadable,-2,-2,-1,-2,-2,-2,-1,+1,-1,+1,-1,-1
1345,719,b10.png,Readable,+1,+1,+1,+1,0,0,0,+1,-1,0,-1,0
1640,666,b10.png,Unreadable,-2,-2,+2,+2,+1,-2,-2,-1,-2,-2,-1,0
1789,223,b10.png,Readable,+1,+1,0,+1,+1,+1,+1,+1,+1,+1,+1,+1
1792,229,b10.png,Readable,0,-1,0,0,+2,0,0,0,0,0,0,0
1793,234,b10.png,Unreadable,-2,-2,+2,-2,-2,-2,-2,0,-2,-2,-2,0
1838,365,b10.png,Unreadable,-1,-1,+1,-1,-1,-2,-1,+1,0,-2,+1,+1
1860,414,b10.png,Unreadable,-1,0,+1,-1,-1,-1,0,-1,-2,-1,-1,0
1993,720,b10.png,Unreadable,-2,-2,+2,-2,-2,-2,-2,-2,0,-2,-2,0
2055,858,b10.png,Readable,-1,-1,+1,0,-1,-1,-1,0,0,-1,-1,0
457,319,b11.png,Readable,+2,+2,+1,+2,+2,+1,+1,+2,0,0,+1,+2
778,216,b11.png,Readable,+1,+1,-1,+1,+1,+1,+1,+1,+1,-1,+1,+1
812,300,b11.png,Unreadable,+2,-1,+2,-2,+1,-2,-1,-1,-2,-2,+1,+1
835,363,b11.png,Readable,0,+1,+1,0,+1,0,+1,+2,+1,+1,+1,+1
932,593,b11.png,Readable,0,0,0,0,0,0,0,0,0,0,0,0
1176,348,b11.png,Unreadable,0,+1,+2,-2,+1,0,0,+2,-2,-2,0,0
1218,437,b11.png,Readable,+2,+1,+1,+1,+2,+2,+2,+2,0,+1,+1,+1
1230,469,b11.png,Unreadable,+2,0,+2,-2,-1,-1,0,+1,0,0,+1,0
1308,656,b11.png,Readable,+2,+1,+1,+2,+1,+2,-1,+2,+2,0,+2,+2
1373,782,b11.png,Readable,+1,+1,+1,0,+1,0,-1,+2,-2,-1,+1,+1
1478,258,b11.png,Unreadable,+1,-2,+2,-2,0,-2,0,+2,-1,-2,+2,+2
1839,369,b11.png,Readable,+2,+2,+2,+2,+2,+2,+1,+2,+2,+2,+2,+2
1982,705,b11.png,Readable,0,0,+2,-2,+1,-2,-1,+2,-2,-2,+2,+1
2073,899,b11.png,Readable,+1,+1,0,+2,+2,+2,0,+1,+1,+2,+2,+1
2308,218,b11.png,Readable,+1,+2,0,+2,+1,+1,+2,+2,0,0,+1,+2
2348,529,b11.png,Unreadable,+1,+1,+1,+1,+1,0,+1,+1,-1,-1,-1,+1
2362,676,b11.png,Readable,0,0,0,0,0,0,0,0,-1,-1,+1,0
2427,515,b11.png,Unreadable,+1,-1,+2,-1,0,-1,-1,+2,-1,-1,+1,+1
2473,558,b11.png,Unreadable,0,-1,+2,+1,+1,+2,-2,+1,-1,-1,+1,0
147,470,b12.png,Readable,+2,-1,0,-1,-1,+1,+2,-1,+1,+1,+1,+2
278,720,b12.png,Readable,+2,-2,+1,0,-1,-2,-1,-2,0,-2,-1,+2
366,881,b12.png,Readable,-1,+1,0,+2,+1,+2,+1,+1,0,+1,+1,0
580,597,b12.png,Readable,0,-1,+1,+1,0,0,-1,0,-1,-1,+1,0
606,649,b12.png,Unreadable,-1,+1,-1,-1,+1,-1,+1,-1,-1,+1,+1,0
615,660,b12.png,Readable,+2,+1,-1,+1,+1,+2,+1,+2,-1,-1,0,-1
649,717,b12.png,Readable,+2,+2,0,+2,+2,+2,+2,+2,-2,+2,+2,+2
671,763,b12.png,Readable,+1,+2,+1,+1,+2,+1,+1,-1,0,-1,+2,+1
1021,754,b12.png,Readable,-1,+1,0,0,+1,+1,0,-1,-2,+1,-1,0
1072,859,b12.png,Readable,+1,0,0,+1,+1,+2,+2,+2,+2,+2,+2,+2
1093,903,b12.png,Readable,+2,+2,0,+2,+2,+2,+1,+2,+2,+2,+2,+2
1247,513,b12.png,Unreadable,-1,-1,+1,-1,-1,-1,-1,-1,-1,0,0,0
1379,798,b12.png,Readable,+1,+2,0,+2,+2,+2,+2,+1,+2,+2,+2,+2
1719,827,b12.png,Readable,+1,+1,0,0,+1,+1,0,-1,+1,+1,0,+1
1772,180,b12.png,Readable,+1,+1,+1,+1,+1,+1,+1,+1,+1,+1,+1,+1
1979,697,b12.png,Readable,0,0,0,0,0,0,0,0,0,0,0,0
2188,555,b12.png,Readable,+1,+1,+1,+2,+1,+1,+1,+1,+1,+1,+1,+1
2192,574,b12.png,Readable,+1,-1,+1,+2,+2,+1,+1,+2,-2,+1,+2,+2
2264,807,b12.png,Readable,+2,+1,0,+2,-1,+2,-1,-1,+2,+2,+2,+2
2347,522,b12.png,Readable,0,+1,+1,+1,+1,0,+1,+1,0,+1,0,0
2471,512,b12.png,Readable,+1,+2,0,+2,+2,+2,0,+2,+1,+1,+1,+1
212,621,b13.png,Readable,-1,+2,+1,+2,+1,+1,+1,+1,+1,+1,+1,+1
321,803,b13.png,Readable,+2,0,0,+1,+2,-2,-1,+1,-1,-2,+2,+1
393,174,b13.png,Unreadable,0,0,0,-1,-1,-2,-1,+1,-1,-1,-1,-1
561,544,b13.png,Readable,+1,+1,0,0,0,0,0,+1,0,0,+1,+1
624,672,b13.png,Readable,+1,+2,0,+2,+2,+2,+2,+2,-2,+1,+2,+1
643,707,b13.png,Readable,+2,+1,+1,-1,+2,+2,+1,+2,0,+1,+1,0
877,451,b13.png,Readable,+1,+1,+1,+1,+2,+1,+1,+1,+1,+1,+1,+1
939,616,b13.png,Readable,+2,+2,0,+2,+2,0,+1,+2,0,+2,+2,+2
1105,173,b13.png,Readable,-1,+1,+1,+1,+1,-1,-1,-1,0,0,0,0
1295,634,b13.png,Readable,+1,+1,-1,+2,+2,+2,+2,+2,+2,+1,+1,+1
1310,659,b13.png,Readable,0,0,+1,+1,+1,+1,+1,+1,+1,+1,+2,+2
1630,650,b13.png,Unreadable,+1,+1,+2,-2,-1,0,+1,0,0,-1,0,+1
1714,818,b13.png,Readable,+1,+1,0,+1,+2,-1,+1,+1,0,-1,+1,+1
1748,892,b13.png,Readable,+2,+2,0,+2,+2,+2,+1,+2,+2,+2,+2,0
1831,347,b13.png,Readable,+2,+1,0,+2,+1,+2,+2,+2,+2,+2,+1,+2
1967,673,b13.png,Readable,+2,+2,+2,+2,+2,+2,+2,+2,+2,+2,+2,+2
2201,617,b13.png,Readable,+1,+1,0,+1,+1,-1,-1,+1,+1,+1,0,+1
2257,784,b13.png,Readable,+2,+2,+2,+1,+2,+2,+2,+2,+1,-2,+2,+2
2413,336,b13.png,Readable,+1,+1,+1,+1,+1,-1,-1,+1,0,0,0,-1
2462,344,b13.png,Readable,+2,+2,+2,-1,+2,+2,+2,+2,+2,+2,+1,+2
17,203,b14.png,Readable,-1,-1,+1,-1,+1,-1,-1,-1,-1,-1,0,0
44,254,b14.png,Readable,+1,+1,0,+2,+2,+2,+2,-1,0,+1,+1,0
79,338,b14.png,Unreadable,0,-1,+2,-2,-1,+1,+1,-2,0,0,+1,+1
131,436,b14.png,Readable,+1,+2,+2,-2,-2,+1,+1,+2,+1,+2,+2,+2
272,712,b14.png,Unreadable,0,-2,+2,-1,-2,0,-1,-1,0,+1,0,0
289,734,b14.png,Unreadable,-1,-1,+1,-2,-2,-1,-2,+1,-1,+1,+1,+1
412,216,b14.png,Readable,+1,+1,-1,+1,+1,0,0,+1,+1,-1,0,+1
474,361,b14.png,Readable,+1,+1,0,+1,+1,+1,+1,+2,0,0,+1,+2
495,399,b14.png,Readable,+1,-1,+1,-1,+1,0,0,-1,0,-1,+1,+1
652,720,b14.png,Readable,+2,-2,+2,-2,-1,-2,0,-2,0,-2,+2,0
712,837,b14.png,Unreadable,0,-1,+1,0,-1,-2,0,-1,-1,-1,-1,0
841,375,b14.png,Readable,+2,+2,+1,-1,+1,-1,+2,+2,0,0,+2,0
942,621,b14.png,Readable,+1,-1,+2,+1,+1,+1,+1,+2,+1,-1,+1,+1
1000,716,b14.png,Unreadable,+1,-2,+1,-1,-2,-2,+1,0,0,-2,+2,+1
1038,795,b14.png,Readable,+1,+1,0,0,+1,+1,0,+2,-1,0,+1,+1
1155,284,b14.png,Unreadable,+1,-1,+2,-1,0,-1,0,0,0,-1,+1,0
1402,843,b14.png,Readable,+2,-2,+2,-1,+2,-1,+1,+2,-2,-1,+2,+2
1444,176,b14.png,Unreadable,+2,0,-1,0,+1,-1,-2,-1,-2,-2,-2,-2
1540,421,b14.png,Readable,-1,-1,+1,+1,+1,-1,-1,-1,-1,-1,-1,-1
1566,488,b14.png,Unreadable,0,0,+2,-2,-1,0,-1,0,-2,-2,+2,+2
1644,672,b14.png,Readable,+1,+1,+1,0,0,+2,+2,0,-1,0,+2,0
1803,261,b14.png,Readable,+2,+1,+2,-1,+2,0,-1,+1,-1,-1,0,0
1845,382,b14.png,Readable,-1,-1,+2,-1,+1,-1,0,+1,-1,-1,+1,+1
1868,428,b14.png,Unreadable,+1,+1,+1,-1,+1,-1,+1,+1,-1,-2,+1,+1
1875,451,b14.png,Readable,+1,+1,+1,+1,+1,+1,+2,+2,+2,+1,+1,+2
1954,651,b14.png,Unreadable,+2,0,+2,-2,0,-1,0,+2,-2,-2,-1,0
2163,468,b14.png,Readable,0,+1,0,-1,+1,0,0,0,-1,0,0,0
2182,526,b14.png,Unreadable,+1,-1,+2,+2,-1,-2,0,-1,-2,-2,0,+1
2441,803,b14.png,Unreadable,+2,-2,+2,+1,-2,-2,-1,-2,0,-2,-2,+2
32,227,b15.png,Unreadable,-1,-1,-1,-1,+1,-2,-1,-2,-1,+1,+1,+1
71,319,b15.png,Readable,+1,+1,0,+2,+2,+2,+2,+2,+1,+1,+2,+2
124,424,b15.png,Unreadable,0,-1,+1,+1,+1,-1,-1,-2,-1,0,-1,-1
217,628,b15.png,Readable,-1,-1,+1,0,+2,-1,-2,-1,0,-1,0,0
355,860,b15.png,Unreadable,0,+1,0,-1,+1,0,+2,+2,-2,-1,0,-1
481,372,b15.png,Readable,0,-2,+2,-2,-2,-2,+2,+2,0,+1,+2,+2
613,658,b15.png,Readable,+2,+2,0,+1,0,-1,-1,0,+2,-1,-1,0
697,812,b15.png,Unreadable,-1,-1,0,0,+1,-1,-1,0,0,0,0,-2
759,174,b15.png,Unreadable,0,-1,+2,-1,0,-2,-2,+1,0,-1,0,0
791,240,b15.png,Unreadable,-2,-1,+2,-1,-1,-2,-2,0,-1,-2,-1,+1
990,697,b15.png,Unreadable,0,0,0,0,0,0,0,0,0,0,0,0
1060,836,b15.png,Unreadable,-1,-1,+1,-1,0,-1,-2,0,-1,0,-2,0
1200,404,b15.png,Unreadable,-2,-2,+2,-2,-1,-2,-2,+1,+2,-1,-2,0
1426,896,b15.png,Unreadable,-2,-2,+2,-2,-2,-2,-2,+2,-2,-2,-2,-2
1483,269,b15.png,Unreadable,-1,-2,+2,+1,+2,-1,-1,0,-1,0,+1,+1
1505,342,b15.png,Unreadable,+1,+1,+2,+1,-1,-2,-2,-2,-1,0,-1,+1
1537,416,b15.png,Unreadable,+1,+1,0,+1,+2,-1,-1,-1,0,0,+2,+2
1629,649,b15.png,Readable,-1,-2,+1,-1,+1,+1,-1,-1,+1,-1,+1,-1
1806,266,b15.png,Unreadable,-2,0,+1,0,+2,-1,+2,0,+2,+2,-1,+2
2064,881,b15.png,Unreadable,-2,-2,+2,-2,-2,-2,-2,-2,0,-2,-2,-2
2127,338,b15.png,Readable,-1,-1,+1,+2,+1,+1,0,0,0,+2,0,0
2173,503,b15.png,Readable,+2,-1,+1,+1,0,-2,-2,+2,-2,+2,-1,+1
2281,851,b15.png,Unreadable,+2,-1,+2,0,-1,-2,-2,-2,-1,-1,-2,+1
2345,515,b15.png,Unreadable,0,-1,+1,+2,+1,-2,-1,+1,0,0,-1,+1
2379,795,b15.png,Readable,0,-1,0,0,+1,-2,-2,0,0,0,0,0
2444,816,b15.png,Readable,+2,0,0,+1,+1,-2,-2,-2,+1,0,-2,+2
105,387,b17.png,Readable,+1,+2,+1,+2,0,+2,+2,+1,+1,+2,+1,0
117,409,b17.png,Readable,+1,+1,+1,+1,+1,0,0,-1,+1,+1,0,0
293,742,b17.png,Readable,0,+1,-1,+1,+1,0,+1,-1,0,+1,+1,+1
454,316,b17.png,Readable,+2,+2,0,+2,+1,+2,+2,+2,+2,+2,+2,-1
873,438,b17.png,Unreadable,-1,0,+1,-1,+1,-1,0,+1,-2,-2,+1,0
968,661,b17.png,Readable,+1,+1,+1,+1,+1,+1,+1,+1,+1,+1,+1,+1
1090,899,b17.png,Readable,0,+1,0,+1,+1,+1,0,+1,0,+1,+1,+1
1238,489,b17.png,Readable,+1,0,+1,+1,+1,+1,+1,0,+1,+1,+1,+1
1392,823,b17.png,Readable,+1,+1,+1,+1,+1,+1,+1,+1,+1,+1,+1,+1
1468,229,b17.png,Readable,+1,+1,+1,+2,+1,+1,+1,0,+1,+1,+1,0
1507,347,b17.png,Readable,0,0,0,+1,+1,+2,+2,+2,+2,-1,0,+2
1821,319,b17.png,Readable,+2,+2,+1,+1,+1,0,+1,0,+1,+1,0,+2
1888,483,b17.png,Readable,-2,-1,0,0,+1,+1,0,+1,+1,0,+1,+2
1943,633,b17.png,Readable,+1,0,+1,0,+1,+1,+1,+1,0,0,+1,+1
1983,706,b17.png,Readable,+1,+1,0,0,+1,+1,+1,+1,+1,+1,+1,0
2116,284,b17.png,Readable,0,+1,+1,-1,+1,-1,0,0,-1,0,-1,0
2301,173,b17.png,Readable,+1,+1,0,+1,0,0,0,-1,-1,0,-1,0
27,219,b19.png,Unreadable,0,-1,+1,-1,0,-2,-2,+2,-1,-1,+2,0
31,224,b19.png,Unreadable,-2,-2,+2,-2,-2,-2,-2,-1,-2,-2,0,0
81,341,b19.png,Readable,0,+1,0,+1,+1,+1,-2,+2,0,+1,+1,+1
180,529,b19.png,Unreadable,-1,-1,+1,-2,0,-1,-2,+1,-1,-2,+1,+1
374,895,b19.png,Unreadable,-1,-2,+2,-2,+1,-2,-2,+1,-2,-2,+2,+1
389,925,b19.png,Readable,-1,-2,-1,+1,+2,0,+1,-2,+2,+2,+2,+1
443,276,b19.png,Readable,+1,-1,-2,+2,+2,+1,-1,-1,+1,+2,-1,-1
445,287,b19.png,Readable,0,+1,+1,0,0,0,+1,+1,-1,-1,+1,0
497,404,b19.png,Unreadable,+2,-1,+2,+2,+2,-2,-2,+2,-2,-2,-1,+2
633,688,b19.png,Readable,0,0,0,0,0,0,0,0,0,-1,0,0
687,795,b19.png,Readable,-2,0,+1,0,+2,0,0,+2,-2,0,+1,+1
777,213,b19.png,Unreadable,-1,-1,+1,0,+1,-1,-1,+2,-2,0,+2,+2
979,676,b19.png,Readable,-1,-1,-1,-1,0,-1,-2,-1,-1,-1,0,0
1160,305,b19.png,Unreadable,0,+1,+1,+1,0,0,0,0,0,+1,+1,+1
1388,817,b19.png,Unreadable,0,-1,0,+1,+1,-1,0,0,-2,-1,+1,0
1398,836,b19.png,Unreadable,0,-1,+2,-2,0,-1,0,+2,-2,-2,0,0
1416,875,b19.png,Readable,+2,+2,+2,+2,+2,-1,0,+2,-2,-2,+2,+2
1523,387,b19.png,Unreadable,0,-1,+2,0,0,-2,-2,0,0,-1,-1,0
1575,513,b19.png,Unreadable,0,-1,+1,-1,-1,-1,-1,0,-1,-1,0,+1
1576,515,b19.png,Readable,0,+1,-1,+2,+1,-1,0,+1,0,+2,+1,+2
1726,841,b19.png,Unreadable,0,-2,+2,+1,+1,-1,-1,-2,-2,0,+1,0
1904,522,b19.png,Readable,0,-1,0,+1,0,-1,0,0,0,0,0,0
2246,741,b19.png,Readable,0,0,+2,0,0,-2,0,+1,0,0,+1,+1
2278,846,b19.png,Readable,+2,+2,0,+1,+1,+1,+1,+1,+1,+2,0,+1
2305,198,b19.png,Unreadable,+1,-2,+2,-2,-2,-2,-2,+2,-2,-2,-2,-2
29,221,b2.png,Readable,+1,-2,+1,+1,+1,+1,+1,-1,+1,+1,+1,+1
126,426,b2.png,Unreadable,+1,-1,+2,-2,+2,-1,-1,-1,0,-2,+1,+1
234,654,b2.png,Unreadable,0,-2,+2,-2,-2,-2,-1,+1,-2,-2,+2,0
386,913,b2.png,Unreadable,+2,+2,+2,+2,+1,+1,+1,+2,0,-1,+1,+1
406,203,b2.png,Readable,+2,+2,+1,+1,+1,+1,+1,+1,+1,+1,+1,+1
431,254,b2.png,Readable,0,0,0,+1,+2,+2,+2,0,0,+1,0,+1
557,526,b2.png,Unreadable,+1,-1,+2,-2,-1,-2,-2,+2,-2,-2,0,+1
953,636,b2.png,Readable,+1,+2,+2,-1,+2,+2,0,+2,-2,0,+2,+1
994,706,b2.png,Unreadable,-1,+1,+1,0,+1,-1,0,+1,-1,+1,-1,0
1118,198,b2.png,Unreadable,+1,-2,+2,-1,-1,-2,-2,+2,-2,+1,-2,-2
1169,335,b2.png,Readable,+1,+1,+1,0,0,+1,0,-1,0,+1,0,0
1380,799,b2.png,Unreadable,-1,-1,+2,-1,-1,-1,-1,-1,-1,-1,0,0
1397,830,b2.png,Readable,-1,0,+1,-1,+1,+1,0,-2,-2,-1,0,-1
1569,503,b2.png,Unreadable,-2,-2,+2,-2,0,-2,-2,+1,-2,-2,0,0
1791,227,b2.png,Readable,+1,0,+1,-1,+1,+1,0,0,0,0,0,0
2000,728,b2.png,Readable,-1,+1,0,+1,+1,-1,-1,+1,-2,-1,0,0
2206,633,b2.png,Readable,+2,+1,0,+1,+1,+1,0,+1,+1,0,0,+1
2277,844,b2.png,Readable,-2,-2,+2,-2,-2,-2,-2,+2,-2,-2,-2,-2
2363,685,b2.png,Unreadable,0,-2,+2,0,-1,-1,-2,-2,0,0,+1,-2
25,217,b20.png,Unreadable,-1,-1,+1,0,+1,-2,-1,-1,-1,-1,+1,+1
130,435,b20.png,Readable,+1,+1,-1,+1,+1,+1,-1,+1,-1,-1,+1,+1
288,731,b20.png,Unreadable,-1,+1,+1,-1,+1,-1,-2,+1,+1,+2,+2,+2
501,411,b20.png,Unreadable,-2,-2,0,-2,0,-2,-2,+2,0,0,+2,0
566,558,b20.png,Unreadable,-1,-1,+1,+1,+1,-2,-1,+1,-2,-2,+1,0
617,662,b20.png,Unreadable,-2,-2,+2,-2,0,-2,-2,+2,-2,-2,+2,+2
733,880,b20.png,Unreadable,-1,-2,+2,-2,-2,-2,0,+1,-2,-2,+1,+1
950,633,b20.png,Unreadable,-2,-2,-2,-2,+2,-2,0,0,-2,-2,-2,0
1199,400,b20.png,Readable,-2,+2,+2,+2,+2,-2,-2,+2,-2,-2,+2,+2
1533,406,b20.png,Readable,-2,-2,-1,+1,+1,-1,-1,-2,-1,-2,-1,-2
1666,715,b20.png,Readable,+2,+2,+2,+2,+2,+2,+2,+2,+2,+2,+2,+2
1796,243,b20.png,Unreadable,+1,-1,+2,-1,+1,-2,-2,0,-2,-1,-1,+1
1895,508,b20.png,Unreadable,-1,-2,+2,-2,+2,-2,-1,+2,-2,-2,+2,+1
2003,741,b20.png,Readable,-1,0,+2,-1,0,-2,+1,+1,0,-1,-1,0
2417,417,b20.png,Readable,+2,+2,+1,+1,+2,+1,+2,+2,+1,+1,+2,+1
2420,454,b20.png,Unreadable,-1,0,+2,-1,-1,-2,-1,+1,-1,-2,+1,+2
2432,636,b20.png,Readable,-1,0,+2,-2,+1,0,-2,+2,-2,0,+2,+1
2479,672,b20.png,Readable,0,+1,+1,+2,+1,+1,+2,+2,-2,-1,+2,-1
109,392,b24.png,Readable,+1,0,0,+1,0,+2,+1,+2,+1,0,-2,-1
325,811,b24.png,Readable,-1,+1,-1,+1,-1,+1,+1,+1,+2,0,+1,+1
384,909,b24.png,Unreadable,-1,-1,-1,+1,0,0,+1,-1,-1,-1,+1,0
405,198,b24.png,Unreadable,-1,-1,+1,-1,0,-1,+1,-1,-1,-1,-2,-2
556,525,b24.png,Readable,+2,+2,0,+2,0,-1,0,-1,0,0,0,+1
674,772,b24.png,Unreadable,-2,-2,+2,-2,-1,-2,+1,-2,-1,-2,-1,0
785,227,b24.png,Unreadable,0,-1,+1,-1,+1,-1,+1,0,0,-1,0,0
864,424,b24.png,Unreadable,+1,0,0,+1,0,+1,+1,-1,-1,0,-2,0
954,639,b24.png,Readable,-1,+1,0,+1,+1,+1,0,+2,+2,0,-1,-1
1115,188,b24.png,Readable,+1,+1,0,-1,0,-1,+1,-2,-2,-2,-1,0
1145,257,b24.png,Readable,+2,+2,+1,+2,+2,+2,+2,+2,+1,+2,+2,+2
1283,616,b24.png,Readable,+1,+2,0,+2,+2,-2,+2,-2,+1,-1,+2,-1
1331,696,b24.png,Unreadable,-1,-1,-1,0,0,0,0,0,0,0,0,0
1391,822,b24.png,Readable,+1,+1,0,+1,0,-1,+1,+1,0,+1,0,-1
1408,857,b24.png,Readable,-1,-1,+1,-1,-1,-1,-1,-1,-1,-1,-1,-1
1437,913,b24.png,Readable,+2,0,+1,+2,+2,+2,+2,-1,-2,0,0,+2
1481,265,b24.png,Readable,+1,+1,0,+1,0,0,0,0,0,+1,0,0
1504,339,b24.png,Readable,+1,-1,+1,-1,-1,+1,0,+1,+1,-1,0,0
1657,697,b24.png,Unreadable,0,0,0,0,0,0,0,0,0,0,0,0
1704,798,b24.png,Readable,+1,0,+1,+2,+1,0,0,-1,+1,+1,+1,+1
1917,563,b24.png,Readable,+2,+2,+2,+2,+1,+2,+1,+1,+2,+2,+2,+2
1930,601,b24.png,Readable,+2,+2,0,+2,+2,+2,+2,+2,+2,0,0,+2
1973,685,b24.png,Unreadable,-1,-2,+2,0,0,-2,-1,-2,+2,0,-1,-2
2020,783,b24.png,Unreadable,-1,-2,+2,-2,-2,-2,-2,-2,-2,-2,+1,+1
2084,925,b24.png,Readable,-1,+1,-1,+1,+2,+1,0,+2,+2,+1,+1,+2
2171,489,b24.png,Readable,0,+1,0,+1,+1,+1,+1,0,0,+1,0,+1
2350,555,b24.png,Readable,-2,-1,+1,+1,-1,-2,-1,0,-2,-1,-1,0
2450,896,b24.png,Unreadable,+2,-2,+2,+2,-2,-2,+2,-2,-2,-2,+2,+2
2459,274,b24.png,Readable,+2,+2,0,+2,+1,0,+1,0,+2,+2,+1,+2
36,235,b25.png,Readable,-1,-1,0,+1,+1,+2,+1,+1,-1,+1,+1,+2
40,247,b25.png,Readable,-1,+2,+2,+1,+2,-2,+2,+2,+2,+2,-2,-2
192,574,b25.png,Readable,-2,-2,+2,+2,+2,-2,+2,+2,+2,+2,-2,+2
204,602,b25.png,Readable,-2,+2,+1,+2,+2,-2,+2,+2,-2,+1,+2,+2
273,715,b25.png,Readable,0,-2,0,-1,0,-1,0,0,0,0,0,0
301,769,b25.png,Readable,+1,+1,0,+1,+1,-1,+1,+1,-1,-1,0,0
329,818,b25.png,Readable,0,+1,0,+2,+2,+1,-2,+2,-2,+2,+2,+2
603,641,b25.png,Readable,0,+2,0,+2,+2,+2,+2,+2,+2,+2,+2,+2
916,544,b25.png,Readable,+1,+1,0,+2,+1,0,0,+1,0,+1,+1,+1
1019,749,b25.png,Readable,+1,+1,+1,+2,+1,+1,+1,+1,+1,+1,+1,+1
1116,194,b25.png,Readable,+1,+1,+1,+1,+1,+1,+1,-1,+1,+1,+1,+1
1122,210,b25.png,Readable,+2,+2,-2,+2,+2,+2,+2,+2,+2,+2,+2,+2
1189,377,b25.png,Readable,+2,+2,0,+2,+2,+1,+1,+1,+2,+1,+1,0
1354,729,b25.png,Readable,+2,+1,0,+2,0,-2,+1,+1,+2,+2,+1,+1
1438,915,b25.png,Readable,+1,+1,0,+1,-1,-1,+1,+1,-1,+1,+1,+1
1476,254,b25.png,Readable,+2,+1,+2,+2,+2,+1,+2,0,+1,+1,+1,+1
1556,465,b25.png,Readable,+1,0,+1,+1,+1,0,-1,-1,-1,0,0,+1
1687,755,b25.png,Readable,+1,+1,+1,+1,+1,+1,+1,+1,+1,+1,+1,+1
1801,257,b25.png,Readable,-1,0,+2,-1,+1,-2,+1,+2,+2,-1,+2,-1
2114,266,b25.png,Readable,+1,+2,0,+2,+2,+2,+2,+2,-2,+1,+1,+1
2120,300,b25.png,Readable,+2,+2,0,+2,+2,-1,+2,+1,-1,+2,+2,+1
2216,655,b25.png,Readable,+1,+1,+1,+1,+1,+1,+1,+1,0,0,+1,0
2260,798,b25.png,Readable,+2,+1,0,+2,+2,+2,+2,+2,+2,+2,0,+2
2303,177,b25.png,Unreadable,+1,+1,+1,+1,0,-1,+1,+1,-2,+1,-1,+2
2334,438,b25.png,Readable,-2,+1,0,+1,+1,-1,-2,+1,-1,0,+1,+1
2481,706,b25.png,Readable,+1,+1,+1,+2,+1,+1,+1,+1,-1,0,+1,+1
209,616,b30.png,Readable,-1,+1,+1,0,+1,-1,+2,0,-2,-1,+2,-1
416,221,b30.png,Readable,-1,+1,+1,+1,+1,+1,+1,+1,-1,+1,+1,+1
797,254,b30.png,Unreadable,-1,-1,+1,0,+2,+1,+2,-1,+2,+2,0,0
805,273,b30.png,Readable,-2,0,+1,0,+1,-1,+1,0,-2,+2,+1,+2
912,526,b30.png,Unreadable,-1,0,+1,0,0,-2,-1,-1,0,0,-1,0
928,579,b30.png,Readable,0,+1,+1,-1,0,0,-1,+1,-2,0,+1,0
960,650,b30.png,Unreadable,-2,-1,+1,-2,0,-2,-1,-2,-2,-1,0,0
1111,180,b30.png,Readable,+1,+1,+1,+2,+1,-1,0,0,+1,-1,-1,+2
1127,218,b30.png,Readable,-2,-2,+1,-2,0,-2,-2,-2,0,-1,-1,0
1261,545,b30.png,Readable,-2,-1,+1,-1,-1,-2,0,+1,-2,0,+1,0
1348,723,b30.png,Unreadable,-1,-1,+1,0,0,-1,0,-1,0,+1,-2,0
1461,216,b30.png,Readable,+1,+2,-1,+1,+1,+1,+1,+1,+1,0,+1,+1
1553,460,b30.png,Unreadable,-2,-2,-2,-2,-2,-2,0,-2,-2,-2,-2,-2
1686,754,b30.png,Unreadable,-2,-2,0,+1,+2,-2,-2,-2,-2,+2,-2,0
1811,284,b30.png,Unreadable,+1,-1,+1,+1,+1,-1,-1,-1,-2,+1,-1,0
1956,655,b30.png,Readable,-2,+1,+1,+1,+1,-1,0,0,-1,0,0,0
2039,825,b30.png,Unreadable,-2,+1,+2,-1,+1,-2,0,-2,-1,0,-1,+2
2194,578,b30.png,Readable,-2,+2,0,+2,0,+1,+1,-2,-2,+1,0,0
2354,628,b30.png,Unreadable,-2,-2,0,-1,0,-2,-1,-1,-2,0,-1,-1
91,361,b34.png,Readable,+1,+1,-1,+2,+2,+2,0,+1,0,+1,+2,+1
162,502,b34.png,Readable,+1,+1,0,+1,-1,-1,0,-1,-2,-1,-1,0
239,660,b34.png,Readable,+2,+1,+1,-1,+1,0,+2,0,-2,-1,-1,-1
493,393,b34.png,Readable,+2,+2,-2,-2,+2,-2,-2,+2,-2,-2,-2,-2
547,512,b34.png,Readable,+2,+2,0,+2,+2,+2,0,+2,+2,+2,0,+2
681,781,b34.png,Readable,+2,+2,-2,+2,+2,+2,+2,-2,+2,+2,+2,+2
949,632,b34.png,Readable,+2,+2,0,+1,+2,0,+2,+2,0,+1,+2,0
1091,900,b34.png,Readable,+2,+2,+1,+2,+2,-1,+1,-2,-2,+1,+2,-1
1173,342,b34.png,Readable,+2,+2,+2,+2,0,-2,+2,+2,0,+2,+2,+1
1208,419,b34.png,Readable,+1,+1,+1,+1,+2,+1,+1,+2,0,+1,+1,+2
1415,874,b34.png,Readable,+2,+2,-1,+1,+1,0,+1,-1,0,0,+1,+1
1442,173,b34.png,Readable,+2,+2,0,+1,0,-2,-1,-2,-2,+1,+1,0
1590,555,b34.png,Readable,+2,+2,0,+2,+1,+1,0,0,-2,0,0,0
1614,622,b34.png,Readable,+2,+2,0,+2,+2,0,+1,0,0,0,+1,0
1693,775,b34.png,Unreadable,0,0,0,0,0,0,0,0,0,0,0,0
1871,437,b34.png,Readable,+2,+2,+2,+2,+2,+1,+1,-2,-1,+1,+1,+1
2015,777,b34.png,Unreadable,+2,0,+1,0,-1,-1,-1,-2,-2,0,-1,+1
2117,287,b34.png,Readable,+2,+2,0,+2,+2,+2,+2,+2,0,+2,+2,+2
2286,881,b34.png,Readable,+2,+2,0,+2,+1,+1,+1,+1,0,+1,+2,+1
2315,253,b34.png,Unreadable,0,+1,0,+1,0,-1,+1,0,-1,-1,-2,-1
11,187,b35.png,Unreadable,-2,+2,+2,-2,-2,-2,-2,-2,-2,-2,-2,-2
125,425,b35.png,Readable,+2,0,+2,-1,+1,+1,+1,+1,0,+1,+2,+2
356,862,b35.png,Unreadable,-1,-2,+2,+2,-1,-2,-2,-2,-2,-2,0,+1
475,363,b35.png,Readable,+1,+1,+1,0,0,-1,0,-1,0,0,0,0
518,443,b35.png,Unreadable,+1,+1,0,0,0,+1,0,0,+1,-1,+1,+1
541,500,b35.png,Readable,+1,+1,0,+1,+1,+1,0,+1,+1,+1,+1,+1
658,727,b35.png,Readable,0,0,+1,0,0,-1,-1,-1,0,0,0,0
672,767,b35.png,Readable,0,+1,0,+1,0,-2,-1,+2,+2,+1,0,+2
813,305,b35.png,Readable,0,0,0,0,0,0,0,0,0,0,0,0
1008,725,b35.png,Readable,+1,-1,0,+1,+1,-1,-1,+1,-1,-1,-1,+1
1011,728,b35.png,Readable,0,+1,0,+1,0,-1,0,0,+1,+1,+2,+1
1056,827,b35.png,Unreadable,+1,0,+1,-1,0,-1,0,-1,0,-1,0,+1
1319,673,b35.png,Readable,+2,+2,+2,+2,+2,+2,+2,+2,+2,+2,+2,+2
1423,892,b35.png,Readable,+2,+2,0,+2,+1,+2,+2,-1,+1,+2,+2,0
1526,391,b35.png,Readable,0,0,0,0,0,0,0,0,0,0,0,0
1635,658,b35.png,Readable,+2,+2,+1,+2,+2,0,0,+2,-1,+2,+1,0
1712,816,b35.png,Unreadable,+1,0,+2,-2,0,-1,+2,-2,-2,-1,-1,+2
1782,209,b35.png,Unreadable,+1,+1,+1,-2,+1,-1,0,0,-1,-1,0,0
2092,184,b35.png,Readable,+2,0,+2,-1,+2,+2,+1,-1,0,0,+2,+1
2198,602,b35.png,Readable,+2,+2,0,+2,+2,+2,+1,+2,-1,-1,+2,+2
2217,665,b35.png,Readable,+1,+1,0,+1,-1,-1,+1,+1,-2,-1,-1,0
2306,205,b35.png,Unreadable,+2,0,+2,0,+1,-2,-2,-2,-1,-1,0,+2
2408,262,b35.png,Readable,+2,+2,+1,+1,+1,-1,+1,+1,-1,0,0,0
2447,844,b35.png,Readable,+2,+2,+2,+2,+2,-2,+2,+2,-2,-2,-2,+2
26,218,b37.png,Readable,-1,+2,0,0,0,0,-1,+1,-1,0,-2,+1
139,454,b37.png,Readable,-1,0,+1,+2,+1,+1,+2,+2,+2,+2,-2,-2
470,354,b37.png,Readable,+1,+1,-1,-1,+1,+1,+1,+1,-1,-2,-2,+1
494,395,b37.png,Readable,+2,+2,+2,-2,0,0,+2,+2,-2,-2,0,0
576,588,b37.png,Readable,+1,+1,-1,+1,+1,0,0,+2,-1,+1,+1,+1
807,276,b37.png,Unreadable,-1,+1,+2,-2,-1,-2,-1,+1,+1,-2,-1,-1
879,460,b37.png,Unreadable,+2,+2,0,-2,+1,+1,-1,0,-2,-2,-2,0
915,540,b37.png,Readable,+2,+2,+2,-2,-2,-2,+2,+2,-2,-2,-1,+2
959,649,b37.png,Unreadable,+1,+1,-1,0,-1,-1,+1,0,-2,-1,-1,+1
1028,775,b37.png,Readable,+2,0,0,0,0,0,0,0,0,0,0,0
1051,819,b37.png,Unreadable,0,+1,+2,-2,-2,-2,+1,+1,-2,-2,-2,-1
1161,309,b37.png,Readable,+2,+2,-2,+2,-2,0,+2,+2,0,+2,-2,+2
1213,428,b37.png,Unreadable,+1,+1,+1,-1,+1,-1,+1,+1,-2,-1,-2,-1
1503,338,b37.png,Readable,+2,+2,0,0,+1,+2,+2,+2,+2,0,0,0
1646,674,b37.png,Readable,+2,+2,+2,+2,+2,+2,+2,+2,+2,-1,+2,+2
1905,523,b37.png,Unreadable,-2,-2,0,+2,+2,+2,0,+2,+2,+1,+1,0
2093,188,b37.png,Readable,+2,+1,0,0,0,-1,+2,+2,+2,+1,-1,-1
2273,836,b37.png,Readable,0,0,+2,-1,0,-2,+2,0,0,0,-2,-1
2340,476,b37.png,Readable,+2,+2,0,+2,+1,+1,+1,+1,+2,+2,+2,+1
30,223,b39.png,Readable,+1,+1,+1,+1,+1,+1,+1,+1,+1,+1,+1,+1
101,377,b39.png,Readable,+1,-1,0,+1,+2,-1,-1,+1,-1,+2,+1,+1
198,588,b39.png,Readable,+1,0,+1,-1,+2,0,0,+1,-1,+2,+1,+1
264,697,b39.png,Readable,0,0,0,0,0,0,0,0,0,0,0,0
328,817,b39.png,Readable,0,+1,+1,-1,+2,-2,-1,-1,+1,+1,0,+2
492,392,b39.png,Readable,+2,+2,+1,+1,0,0,+1,+2,+2,+2,+1,+2
685,790,b39.png,Readable,0,0,0,+2,+2,-2,-1,0,-2,0,0,+2
790,239,b39.png,Readable,+1,+1,+1,0,+1,0,0,+1,-1,0,+1,+1
964,656,b39.png,Readable,+2,0,+2,+2,+1,+1,+2,+2,+1,+2,-1,+1
1045,808,b39.png,Readable,+1,+2,0,+2,+2,+1,0,0,+2,+2,+2,+2
1350,725,b39.png,Readable,+1,+2,0,+2,+1,+1,0,+2,0,-1,+1,+1
1597,575,b39.png,Readable,+2,+2,+1,+1,+1,0,0,+1,0,+2,+1,0
1660,705,b39.png,Readable,0,+1,0,+2,+2,-2,-1,+2,-2,+2,+2,+1
1727,843,b39.png,Readable,+2,+2,0,+2,+2,+2,+1,+2,+2,+2,+2,+2
1773,184,b39.png,Readable,+1,+1,+1,0,-1,+1,-2,0,-1,+1,+2,+1
2094,194,b39.png,Readable,+1,+1,+1,-1,-1,-1,+1,+1,-1,-1,+1,+1
2108,247,b39.png,Readable,-1,+1,+1,+2,+2,-2,+1,+2,-1,-2,+1,+2
2178,516,b39.png,Readable,+2,+2,0,+2,+2,-2,+2,+1,-2,-1,-2,+2
2197,601,b39.png,Readable,+2,-1,+1,+2,+1,+2,+2,0,+2,+2,0,-2
2313,243,b39.png,Readable,+1,+1,0,+1,+1,-1,-1,+1,-1,0,-1,+1
118,411,b4.png,Unreadable,0,-1,0,-1,+2,+1,-1,-1,0,0,+2,+1
231,650,b4.png,Readable,0,-1,0,-1,0,0,+2,0,0,-1,0,+1
437,265,b4.png,Readable,0,-1,0,0,0,-1,-1,0,0,+1,0,0
486,382,b4.png,Readable,+1,+1,+1,+1,+1,+1,+1,+1,-1,+1,+1,+1
536,485,b4.png,Readable,+1,+2,0,+1,+1,0,+2,+2,0,-1,+2,0
540,498,b4.png,Readable,+1,+1,0,0,+2,-1,+1,+1,0,0,+1,+2
544,508,b4.png,Readable,+1,+1,0,0,+2,+2,0,+2,-1,-1,+2,+1
587,617,b4.png,Readable,-1,+1,+2,-1,+1,-2,+1,+1,-1,+1,+1,+1
689,798,b4.png,Readable,0,+1,+1,0,+2,+2,+2,+2,0,0,+2,+2
715,843,b4.png,Readable,+2,+2,0,+2,+2,+2,+2,+2,-2,0,0,+2
734,881,b4.png,Readable,+1,+1,0,+1,0,0,+2,+2,0,-1,+1,0
865,425,b4.png,Unreadable,-1,-1,+2,-1,0,0,-1,0,0,-1,+2,+1
1182,364,b4.png,Readable,+2,-1,+2,-2,+1,+2,+2,+2,-1,-1,+2,+2
1241,503,b4.png,Readable,+1,-1,+2,-1,0,-1,-1,+2,-2,0,+1,+1
1279,601,b4.png,Readable,+2,+2,0,0,+2,+2,+2,+2,0,0,0,-1
1728,844,b4.png,Readable,+2,+2,-2,+2,+2,+2,+2,+2,+2,+2,+2,+2
1749,893,b4.png,Readable,+2,+2,0,0,+1,+1,+1,+2,+2,+2,+2,+2
1785,216,b4.png,Readable,+2,-1,0,0,+1,0,0,0,+1,0,+1,+1
1825,335,b4.png,Unreadable,+2,+1,+1,0,0,-1,0,-2,-1,0,+1,+1
1980,703,b4.png,Readable,+2,+2,0,+1,+2,+2,+1,+2,-2,+2,+2,+2
2004,742,b4.png,Readable,+1,+1,0,+1,+1,+1,+1,+1,0,0,+1,+1
2011,769,b4.png,Unreadable,0,-1,+1,-1,-1,-1,-1,+1,-1,-1,-1,-1
2139,383,b4.png,Unreadable,+1,0,+1,-1,+2,0,-1,+2,-2,0,-2,+1
2210,640,b4.png,Readable,+2,+2,0,+2,+2,0,+2,+2,+2,+2,+2,+2
2249,755,b4.png,Readable,0,0,0,0,0,0,0,0,0,0,-2,-2
85,348,b40.png,Readable,0,-2,+1,-1,0,0,+2,-2,-2,0,0,0
90,360,b40.png,Readable,0,-1,0,+2,+1,+2,+2,-1,0,0,-1,0
246,669,b40.png,Readable,+2,+2,+1,0,+1,0,+1,-1,-1,0,0,0
290,735,b40.png,Readable,+1,-1,-1,+1,-1,0,-1,+1,+1,-1,+1,+1
354,859,b40.png,Readable,+2,+2,+1,0,+1,+1,+1,-2,+1,+1,+1,+2
472,358,b40.png,Readable,+2,+2,+1,0,0,0,+2,0,+2,+1,0,+2
502,414,b40.png,Readable,+2,+2,+1,+1,+1,0,+1,+1,+1,-1,+1,+1
718,847,b40.png,Readable,+2,+2,-1,+2,+2,0,+2,-2,+2,+2,0,+2
726,862,b40.png,Readable,+2,+1,+2,+2,-2,+2,+2,+2,-2,-2,+2,+2
729,873,b40.png,Readable,+2,+2,+1,-1,+2,+2,+2,+2,-2,0,+2,+2
758,173,b40.png,Readable,+2,+2,+1,-1,+2,0,+2,-1,-2,-1,-1,0
781,220,b40.png,Readable,+2,+2,0,+2,+2,+2,+2,0,+2,+2,+2,+1
1126,217,b40.png,Readable,+1,+1,+2,-1,+2,0,+1,+1,-1,-1,0,0
1184,369,b40.png,Readable,+2,+2,+1,+1,+1,+1,0,+1,+1,+1,+1,+1
1243,508,b40.png,Readable,+2,+1,0,0,+1,+1,+1,-1,-1,0,+2,+2
1280,602,b40.png,Readable,+2,+2,0,+2,+2,+2,+2,+2,-1,+2,+2,+2
1315,668,b40.png,Readable,+1,+1,0,+1,+1,+1,+1,+1,+1,+1,+1,+1
1322,677,b40.png,Readable,+2,+2,0,+2,+2,+2,+1,+1,+1,+2,+2,+2
1456,203,b40.png,Readable,+2,+2,0,+2,0,0,+2,0,0,0,0,0
1596,574,b40.png,Readable,+1,+1,+1,-2,-2,-2,+2,+2,+2,+1,+1,+1
1647,676,b40.png,Readable,0,0,0,0,0,0,0,0,0,0,0,0
1767,174,b40.png,Readable,+1,+1,0,+1,+1,0,+2,-1,+1,0,0,0
1966,672,b40.png,Readable,+1,+2,0,+2,0,+2,+2,0,+2,+2,+2,0
2110,254,b40.png,Readable,+1,+1,0,+2,+2,+1,+2,-1,+2,+1,+1,+1
2118,298,b40.png,Readable,+1,+1,+1,-1,0,0,+1,+1,-1,0,0,0
2157,438,b40.png,Readable,+2,+2,0,+2,+2,+2,+2,+2,0,-1,+2,+2
2269,819,b40.png,Unreadable,+1,+1,+1,-1,-1,-1,+1,-1,-1,-1,+1,0
2416,395,b40.png,Readable,+2,+2,0,-1,+2,+2,+2,+2,+2,+2,+2,+1
2430,570,b40.png,Readable,+2,+1,+1,+1,-1,+1,+2,-2,+2,+1,+2,+2
2431,575,b40.png,Readable,+1,0,+2,-2,-1,0,+2,-1,+1,0,+1,0
203,601,b41.png,Readable,0,+2,0,-1,+2,0,+2,+2,-2,0,0,+1
222,634,b41.png,Readable,+2,+2,-1,-1,+1,-1,0,+1,+1,+1,+1,+1
385,912,b41.png,Readable,+2,+2,0,+2,+2,+2,+2,+2,+2,+2,+2,+2
562,545,b41.png,Readable,0,+2,0,+1,+1,0,+2,+2,0,-1,-1,+1
628,677,b41.png,Readable,+2,+2,-1,+2,+2,+2,+2,+2,-2,+2,+2,+2
847,388,b41.png,Readable,+2,+2,+1,+1,+1,+1,+2,+1,-2,0,+1,+2
1087,893,b41.png,Readable,+2,+2,0,+2,+2,+2,+2,+2,+2,+2,+2,+2
1117,196,b41.png,Readable,+1,+2,+2,+1,+1,+1,0,+1,+2,+1,+1,+2
1394,827,b41.png,Readable,+2,+2,0,+1,+1,+2,+2,+2,-1,0,+2,+1
1412,870,b41.png,Readable,+1,+1,0,+1,+1,+1,+1,+2,0,0,+1,+1
1554,461,b41.png,Readable,+1,+1,+1,0,0,-1,-1,+1,-2,-1,0,+1
1908,529,b41.png,Readable,+2,+2,0,+2,+2,+2,+2,+2,+2,+2,+2,+2
1935,617,b41.png,Readable,+1,+2,0,+2,+1,+1,+1,+2,+2,-1,+2,+2
1965,670,b41.png,Readable,+2,+2,0,+2,+2,+2,+2,+2,+1,+2,+2,0
1986,711,b41.png,Readable,+2,+2,+2,+2,+2,+2,+2,+2,+2,+2,+2,+2
1992,719,b41.png,Unreadable,+2,+2,-1,-1,0,-1,0,+1,-2,+1,+1,0
1995,723,b41.png,Readable,+1,+1,+1,-1,-1,0,+1,0,-2,-1,0,-2
2048,843,b41.png,Readable,+2,-1,0,+2,+2,+2,+2,+2,-2,+2,+2,+2
2265,810,b41.png,Unreadable,+2,+2,+2,-2,-1,+2,+2,-1,-2,-2,+2,+1
2423,483,b41.png,Readable,+1,+1,+1,+1,+1,+2,+1,+1,+1,+1,+1,+2
2455,224,b41.png,Unreadable,-2,-2,-1,+1,-2,-2,+1,-1,-2,-2,+1,0
2475,575,b41.png,Readable,+1,0,+2,+1,-1,0,+1,+1,-2,+1,0,0
2478,644,b41.png,Readable,+1,+1,+1,+1,+1,+1,+1,+1,+2,+2,+1,+1
151,477,b42.png,Readable,0,-1,+1,-1,0,-2,-1,0,-1,-2,-1,-2
403,194,b42.png,Readable,+1,+1,+1,+1,-1,+1,-1,0,+1,+1,+1,+1
631,685,b42.png,Unreadable,+2,-1,+2,0,+2,0,0,-2,-2,0,+2,+2
646,712,b42.png,Readable,0,+1,0,+1,+1,0,+1,+1,-1,+1,+1,0
661,731,b42.png,Unreadable,+1,-1,+1,-2,+1,+1,-2,+1,-1,+1,+1,+1
761,177,b42.png,Readable,0,+1,0,-1,+1,-1,+1,+1,-2,-2,-1,-1
857,409,b42.png,Readable,+2,-1,+2,-1,0,-1,+1,-1,-1,-1,-1,0
872,437,b42.png,Readable,+2,+1,+1,0,+1,+1,+2,+2,-2,-2,+2,+1
878,454,b42.png,Unreadable,+2,0,+2,+1,0,-1,-1,-1,-1,-1,0,+2
975,670,b42.png,Readable,+1,+1,0,0,+1,0,+1,+2,0,-1,+1,0
1024,767,b42.png,Readable,0,+1,-1,+2,0,-2,-2,-1,-2,+2,0,+2
1057,828,b42.png,Readable,0,-2,+2,-2,0,-2,-2,0,-2,-2,+2,+2
1095,906,b42.png,Unreadable,0,0,+1,0,+1,+1,-1,-1,0,-1,0,0
1130,223,b42.png,Readable,+1,+1,0,+1,+1,+1,+1,+1,+1,+1,+1,+1
1216,435,b42.png,Unreadable,-1,+1,+1,+1,-1,-1,-1,-1,-1,-1,-1,+1
1290,626,b42.png,Readable,+2,+2,0,+2,+2,0,+2,+2,0,+2,+2,+2
1498,325,b42.png,Unreadable,0,-2,+2,-1,0,-1,0,+2,-1,-2,+2,+1
1528,395,b42.png,Unreadable,+1,-1,+2,-2,0,+1,+1,+1,-2,-2,+1,+1
1550,450,b42.png,Readable,+1,-1,+2,-2,-1,-1,-1,0,-2,-1,+1,0
1584,529,b42.png,Readable,+1,+1,+1,+1,+1,0,+1,0,-2,-1,+1,+1
1615,623,b42.png,Readable,+2,+2,+2,0,0,0,0,0,0,0,0,0
1672,722,b42.png,Readable,0,0,+1,-1,+1,+1,+1,+1,-1,-1,0,0
1715,819,b42.png,Unreadable,+1,+1,0,+1,-2,-2,-1,-1,-1,0,-1,0
1841,372,b42.png,Readable,0,+2,0,+2,0,+1,+2,0,-2,-1,+2,+2
2220,669,b42.png,Unreadable,-1,-1,+2,+1,0,-2,-2,-1,-2,-2,-1,0
2483,810,b42.png,Unreadable,+1,+1,+2,-2,+1,-1,+1,+1,-2,-2,-2,+1
200,593,b43.png,Readable,0,0,0,0,0,0,0,0,0,0,0,0
310,782,b43.png,Readable,+1,+1,0,+2,0,+1,+1,+1,0,-1,0,+1
810,298,b43.png,Readable,+2,+2,+2,+2,0,0,-2,+2,0,+2,+1,-2
1061,837,b43.png,Readable,+1,+1,0,+1,+1,0,+1,+1,0,0,0,0
1104,166,b43.png,Readable,+2,+2,0,+2,+2,0,+2,+2,0,+1,+1,-1
1150,266,b43.png,Readable,+2,+2,0,+2,+2,+2,+2,0,0,0,0,0
1194,389,b43.png,Readable,+2,+2,0,+2,+2,+2,+2,+2,0,+2,+2,+2
1428,900,b43.png,Readable,0,+1,0,+2,+2,0,+2,+1,0,0,0,+1
1923,579,b43.png,Readable,+2,+2,0,+2,+2,+2,+2,+2,0,0,+2,-1
1971,680,b43.png,Readable,+2,+2,0,0,+1,-1,+2,+2,+2,+2,+2,+2
1990,717,b43.png,Readable,+2,+2,+2,+2,+2,+2,+2,+2,+2,+2,+2,-2
2054,857,b43.png,Unreadable,-1,-1,+1,-1,-1,-1,-1,-1,-1,-1,-1,-1
2169,483,b43.png,Readable,+1,+1,0,+1,-1,0,+1,0,+1,0,+1,+2
2296,907,b43.png,Readable,+1,+1,0,+2,+1,-1,+2,+2,0,0,-1,0
2378,778,b43.png,Readable,+2,+2,0,+1,0,+2,0,-2,0,0,0,+2
2446,843,b43.png,Readable,+2,+2,0,+2,+2,+2,+2,-2,0,+2,+2,+2
206,607,b44.png,Readable,+1,+2,+1,+2,+1,+2,+2,+2,0,+2,+2,+2
409,210,b44.png,Readable,+2,+2,-2,+2,+2,+2,+2,+2,+2,+2,+2,+2
418,224,b44.png,Unreadable,-2,-2,+2,0,-2,-2,-1,+2,-2,-2,-2,0
476,364,b44.png,Readable,+2,+2,+2,-1,+2,+2,+2,+2,-2,+2,+2,+2
683,783,b44.png,Unreadable,-2,0,+1,0,-2,-1,0,+1,-2,-1,-2,-2
1125,216,b44.png,Readable,+1,0,+1,0,-1,0,0,+1,+1,-1,0,0
1256,526,b44.png,Readable,+2,+2,0,-1,+1,0,+2,+2,-1,0,+2,+1
1349,724,b44.png,Readable,+2,+2,+2,-2,+2,+2,+2,+2,-2,+2,+2,+2
1410,859,b44.png,Readable,+2,+2,+2,-2,+2,+1,+1,+1,-2,0,+1,+1
1463,220,b44.png,Readable,+2,+2,0,+2,+2,+2,+2,+2,+2,+2,+2,+2
1658,703,b44.png,Readable,+2,+2,+1,0,+2,+2,+2,+2,-1,-2,+2,+2
1695,778,b44.png,Readable,+2,+2,+1,+2,-1,0,+2,+2,+2,+1,0,+2
1755,904,b44.png,Unreadable,+1,+1,+2,-1,0,0,+1,+1,+1,+1,0,0
1882,468,b44.png,Readable,+1,+1,-1,+2,+2,+1,+2,+2,+2,+2,+1,-1
1922,578,b44.png,Readable,+2,+2,+2,+2,0,+2,+2,+2,+2,+2,+2,0
2046,838,b44.png,Readable,+2,+2,0,+2,+1,0,+1,+2,-2,-2,0,+2
2145,399,b44.png,Readable,+2,0,+2,-1,0,+1,+1,-1,0,-2,-1,-1
37,239,b45.png,Readable,+1,+1,0,+2,0,0,+1,+1,+1,0,+1,+1
66,306,b45.png,Readable,0,+1,-1,+2,+1,-2,-1,-1,+2,+1,-2,-1
104,383,b45.png,Readable,+2,+1,0,+2,+2,0,0,+1,-1,0,-1,-1
179,526,b45.png,Readable,+1,+1,+2,+2,+2,+2,+2,+2,-2,-1,0,0
432,255,b45.png,Readable,+2,+2,0,+2,+2,+2,+2,-2,0,-1,+1,+2
433,257,b45.png,Readable,+2,+2,0,+2,+2,+2,+2,+2,0,0,+2,+2
532,476,b45.png,Readable,+1,-1,-1,+1,0,0,+1,-1,0,0,+1,+1
535,484,b45.png,Readable,+1,+2,-1,+1,+1,+2,+2,+2,0,0,+2,-1
618,664,b45.png,Readable,+1,+1,0,+2,+1,-2,+1,+1,0,-1,-1,0
622,669,b45.png,Readable,+1,+2,0,+2,+1,0,+2,+1,0,0,-1,0
636,695,b45.png,Readable,+2,+2,0,+1,+1,-1,+2,-1,+1,-2,-1,+2
814,309,b45.png,Readable,+2,+1,-2,+1,0,+2,+2,0,0,0,+1,+2
829,348,b45.png,Readable,0,0,0,+2,+1,+2,+2,+2,-2,0,0,-2
840,372,b45.png,Readable,-2,+2,0,0,-1,-2,+2,-2,-2,+2,+2,+2
870,435,b45.png,Unreadable,-1,+1,-1,+1,+1,-1,-1,+1,-1,-1,+1,+1
876,450,b45.png,Readable,+1,+2,+1,0,0,+1,0,+1,+1,0,0,+1
1027,773,b45.png,Readable,-1,0,+2,+2,0,+1,+1,0,-1,+1,+2,+1
1197,395,b45.png,Readable,+2,+2,0,+2,0,0,+2,+2,+2,+2,0,0
1254,524,b45.png,Readable,+2,+2,0,+2,+2,+2,+2,+2,-2,+2,+2,+2
1307,655,b45.png,Readable,+2,+2,-1,+2,+2,+2,+2,-1,0,0,+1,+1
1355,731,b45.png,Next,+1,+1,-1,+2,+1,-1,-1,+1,+1,+1,+2,+1
1451,187,b45.png,Readable,+2,+2,-2,+2,-2,-2,-2,+2,-2,-2,-2,-2
1452,188,b45.png,Readable,+2,+1,+1,+1,+2,-1,+2,+2,-1,0,0,-1
1610,616,b45.png,Readable,+1,+2,0,+2,+2,+2,+2,-1,-2,-1,-1,0
1628,647,b45.png,Readable,+2,+2,-1,+2,+2,+2,+2,+2,+2,+2,+1,+1
1797,247,b45.png,Readable,+2,+2,+1,+2,+2,+2,+2,+2,+1,+1,-2,+2
1829,342,b45.png,Unreadable,+1,+1,+2,+1,-1,-2,-2,-2,-1,0,-1,+1
1940,628,b45.png,Readable,0,0,-1,+1,+1,0,+1,0,-1,+1,+1,0
2017,780,b45.png,Readable,+2,+2,+2,+2,+2,-2,+2,-1,-2,0,0,+2
2097,205,b45.png,Readable,+2,+2,0,+2,+2,+2,+2,+2,0,+2,0,+2
2381,803,b45.png,Readable,+2,+2,0,+2,+2,+2,+1,+1,-2,+2,-2,+1
152,478,b46.png,Readable,+1,+1,0,-1,+1,-1,+1,+1,-1,-1,+1,+1
218,629,b46.png,Readable,+1,+2,0,+2,0,-2,+2,+2,-2,0,+2,+2
402,188,b46.png,Readable,-2,-2,+2,-2,-1,-2,+1,+2,-2,-2,+1,+1
419,227,b46.png,Readable,+1,+1,+1,+2,+1,0,+1,+1,+1,0,0,+1
430,253,b46.png,Unreadable,+1,+2,0,+2,+1,-1,+1,+1,0,-2,+1,+1
599,635,b46.png,Readable,-2,+2,+1,+1,+2,+1,+2,+2,+2,+1,+2,+1
844,382,b46.png,Readable,-1,+1,-1,+1,+1,-1,+1,+1,-1,+1,+1,+1
910,524,b46.png,Readable,+2,+2,0,+2,+2,0,+2,+2,-2,+2,+2,+2
1157,298,b46.png,Readable,-1,+1,+1,+1,0,0,0,+1,0,0,0,0
1275,588,b46.png,Readable,0,0,+2,-2,+2,0,0,+1,0,-1,0,0
1287,622,b46.png,Readable,+2,+2,0,0,+1,0,+1,0,-1,0,+1,0
1320,674,b46.png,Readable,+2,+2,0,+2,+2,-1,+2,+2,+2,+2,+2,+2
1366,772,b46.png,Unreadable,-2,0,+1,-2,0,-2,+2,+2,-2,-2,0,0
1400,838,b46.png,Readable,0,+1,-1,+1,0,-1,+1,+2,-1,+1,0,+2
1440,926,b46.png,Readable,0,+2,0,+2,+1,0,-1,+1,-1,0,+1,0
1601,584,b46.png,Unreadable,-2,-2,+2,-2,+2,-2,-2,0,-2,-2,-2,-2
1636,659,b46.png,Readable,0,+1,+1,+1,+1,0,+1,+1,+1,+2,+2,+2
1669,718,b46.png,Readable,+2,+2,+2,+2,+2,+2,+2,+2,+2,+2,+2,+2
1673,723,b46.png,Readable,0,+1,+1,-2,+1,0,+1,+2,-1,0,0,0
1735,859,b46.png,Readable,+2,+2,0,+2,+2,+2,+2,+2,+1,+2,+2,+2
1976,694,b46.png,Readable,+1,+2,0,+2,+2,0,+2,+2,0,+1,0,+2
1994,722,b46.png,Readable,+1,+1,0,+1,+1,+1,+1,+1,+1,+1,+1,+1
2088,174,b46.png,Readable,-1,0,+1,-1,0,-2,+1,+1,-1,0,0,0
2100,218,b46.png,Readable,+1,+2,0,+2,+1,+1,+2,+2,0,+1,+1,+1
2242,727,b46.png,Readable,0,0,0,+1,-1,-1,0,0,0,0,0,0
2272,830,b46.png,Unreadable,+1,0,+1,+1,0,+1,0,-1,+1,0,+1,-1
23,213,b47.png,Unreadable,+2,+2,0,+2,0,+2,+2,+2,-2,+2,-2,+1
122,419,b47.png,Readable,+2,+2,0,+2,+2,+1,+2,+2,+2,+2,+1,+2
254,680,b47.png,Readable,-1,-1,0,+2,+1,-2,-1,0,0,+2,-1,0
473,360,b47.png,Readable,0,+2,0,+2,+2,+2,+2,+2,+1,+2,0,0
563,554,b47.png,Readable,+2,-1,0,+2,0,0,+1,+2,0,+2,-2,0
827,344,b47.png,Readable,+2,+2,0,+2,+2,+2,+2,+2,+1,-2,0,+2
892,488,b47.png,Readable,+2,+2,-2,+2,+2,+2,+2,+2,+2,+2,+2,+2
909,523,b47.png,Readable,+1,+2,0,0,+2,+1,+1,+2,+2,+2,+2,+1
982,682,b47.png,Readable,-1,0,0,0,0,0,0,0,0,0,0,-1
1270,575,b47.png,Readable,+2,+2,-1,+2,0,+1,+2,+2,+2,-1,+1,+2
1291,628,b47.png,Readable,+2,+2,0,+2,+2,+2,+2,+2,+2,+2,+2,+2
1405,847,b47.png,Readable,+2,+2,+1,-2,-2,+2,+2,+2,-2,-2,-2,+2
1477,257,b47.png,Readable,+2,+2,0,0,+1,0,+2,+2,+2,-1,+2,+2
1520,377,b47.png,Readable,-2,+1,0,+2,+2,+2,+2,+2,+2,+2,-2,0
1623,636,b47.png,Unreadable,+2,+2,0,+2,+2,+2,+2,+2,-2,-2,0,+1
1683,742,b47.png,Readable,0,0,0,+1,0,0,+1,+1,0,0,-1,0
1928,595,b47.png,Readable,+2,+2,+1,+1,+1,+1,+1,+1,-2,+1,+1,+1
2002,734,b47.png,Readable,+2,+2,0,+2,+2,+2,+2,+1,-2,+1,-1,0
2089,177,b47.png,Readable,+2,+2,-1,+2,+2,+2,+2,+2,+2,+2,-2,0
2167,476,b47.png,Readable,+2,+2,-1,+2,+1,+1,+2,+2,+1,+1,0,+1
187,556,b5.png,Readable,0,+1,+1,+1,+1,-1,-1,+1,-2,-1,-1,-1
225,639,b5.png,Readable,-1,+1,+1,-1,+2,0,-1,+2,0,-1,-1,-1
568,567,b5.png,Readable,-2,+1,+1,+1,+1,-1,-1,0,-2,-2,+1,+1
579,595,b5.png,Readable,+2,+1,0,+1,+1,0,0,+1,0,+1,+1,+1
645,711,b5.png,Readable,+1,+1,+2,-2,+2,-2,+1,-1,-1,-2,+1,-1
669,754,b5.png,Unreadable,-2,-2,+2,-1,0,-1,0,0,-2,-2,-2,0
849,391,b5.png,Readable,0,0,0,0,0,0,0,0,0,0,0,0
938,612,b5.png,Readable,+1,+1,0,+2,+1,+1,+1,+2,+2,+2,+1,+1
974,669,b5.png,Readable,+1,+1,+1,+1,+1,-1,-1,+1,-1,-1,-1,0
976,672,b5.png,Readable,+1,0,0,+2,+2,+1,+2,+2,-1,+1,0,+1
1004,720,b5.png,Readable,+2,-2,+2,-2,0,-2,-2,0,0,-2,+2,0
1037,792,b5.png,Readable,+1,+1,+1,+2,+2,+1,+1,+1,+1,-2,+1,+1
1403,844,b5.png,Unreadable,+1,-2,+2,+2,-2,-2,+2,-1,-2,-2,-2,-2
1716,822,b5.png,Readable,+1,-1,0,+1,0,-1,0,+1,0,0,-2,-1
1870,436,b5.png,Readable,+2,+2,+1,+2,+2,+2,+1,+1,+2,+2,+1,+2
1927,593,b5.png,Readable,0,0,-1,-1,0,-1,0,0,0,0,-1,0
2038,823,b5.png,Readable,+1,+1,+1,+1,+1,+1,+1,+1,+1,+1,+1,+1
2078,907,b5.png,Readable,+1,+1,+1,+1,+1,-2,-1,+1,-2,-1,-1,0
2209,636,b5.png,Readable,+2,+1,0,+2,+2,+2,+1,+2,0,0,-2,+1
2425,510,b5.png,Readable,+2,+1,+1,+1,+2,0,+1,+2,-1,0,+1,+1
336,828,b52.png,Readable,0,-2,+2,-1,0,-2,0,-1,-2,-2,+2,+2
346,846,b52.png,Readable,+2,+2,0,+2,+2,+2,+1,+2,+1,+2,+2,+2
360,872,b52.png,Readable,+1,0,0,0,+2,+1,+1,+2,-1,-1,+1,0
816,317,b52.png,Readable,+2,0,+1,+1,+1,0,+2,-2,0,-2,-2,+2
1108,177,b52.png,Readable,+1,+2,+2,+1,0,-2,+2,-2,-2,0,-1,+1
1133,228,b52.png,Readable,+2,+2,-1,+2,+1,+1,0,0,0,+1,+1,0
1652,686,b52.png,Readable,+1,+2,-1,+2,+1,+2,+2,+2,+2,+2,-2,+2
1681,734,b52.png,Readable,+2,+2,0,+2,+2,+1,+1,+1,-1,+1,+2,0
1840,370,b52.png,Readable,+1,+1,0,+2,+1,+1,+2,+1,0,+1,-1,0
1857,406,b52.png,Readable,-1,-2,-2,-1,-2,-1,-1,-1,-2,-1,-1,-1
1977,695,b52.png,Readable,+2,+2,+2,-2,+1,-2,+1,+1,-2,-2,+1,+1
2140,388,b52.png,Readable,+1,+1,+1,+1,0,-1,+1,+1,-2,-1,-1,+2
2168,477,b52.png,Readable,0,0,0,0,0,0,0,0,0,-1,-2,-1
2238,717,b52.png,Readable,+2,-2,+2,-2,-2,-2,+2,+2,-2,-2,0,0
2239,720,b52.png,Readable,+2,+2,+2,-2,-2,-2,0,0,0,0,-2,0
2355,635,b52.png,Unreadable,-1,+1,+1,+1,-1,-2,+2,+1,0,-2,+1,0
167,511,b54.png,Readable,-1,0,+1,+1,+1,-1,-1,+1,+1,0,+1,+1
359,870,b54.png,Readable,0,-2,+2,-2,-1,-2,-2,+2,-1,+1,+2,+2
459,326,b54.png,Readable,+2,+1,+1,0,+1,0,0,0,+1,+1,0,+1
549,515,b54.png,Readable,+1,+2,-1,+2,+2,+1,+2,+2,+2,+2,+1,+2
565,556,b54.png,Readable,0,+1,+1,+1,+1,-1,-1,+1,-2,-1,-1,-1
581,601,b54.png,Readable,+2,+2,+1,+2,+2,+2,+2,+2,0,+2,0,+2
610,654,b54.png,Unreadable,-1,-1,+1,-1,+1,0,-1,-1,-2,+1,+2,0
795,252,b54.png,Readable,0,-1,+1,0,+1,0,-1,0,0,0,+1,0
843,377,b54.png,Unreadable,-2,-1,+2,+2,-1,+2,+1,-1,-2,-2,0,0
986,689,b54.png,Readable,+2,+2,+1,-1,+2,+2,0,+1,0,0,+2,+1
1259,540,b54.png,Readable,+1,+2,+2,-1,+2,0,0,+2,-2,+2,+1,+2
1311,661,b54.png,Readable,+1,+1,+1,+1,+1,+1,+1,+1,+1,+1,+1,+1
1312,664,b54.png,Unreadable,0,+1,+2,-2,-1,-2,0,0,-1,-1,-1,0
1482,266,b54.png,Readable,+2,+2,0,+2,+2,+2,+2,0,0,0,+1,0
1525,389,b54.png,Unreadable,+2,+1,+2,0,+1,-2,+1,+1,-2,0,+2,+2
1853,399,b54.png,Readable,+2,+2,-1,-1,0,-1,+1,-1,0,-1,0,+1
1931,602,b54.png,Unreadable,+2,+2,+2,-2,-2,+1,+1,+2,-2,+2,+2,+2
1988,715,b54.png,Readable,+2,+2,+2,+2,+2,+2,+2,+2,+2,+2,+2,+2
2009,763,b54.png,Readable,+2,+2,+1,+1,0,-1,+2,+2,+2,+2,+2,+2
2143,392,b54.png,Readable,+1,+1,0,0,+1,-1,+1,+1,0,+1,0,+2
2230,695,b54.png,Readable,-1,+1,+1,0,+1,-1,+1,-1,0,-1,+1,0
2287,882,b54.png,Readable,+2,-1,0,0,+1,0,+1,-2,+1,+2,+1,+1
2461,336,b54.png,Readable,+1,+1,+1,+1,+1,-1,+1,+1,0,-1,0,+1
2466,454,b54.png,Readable,+1,+2,-1,0,+1,+1,+2,+2,+2,+2,+2,+2
2485,830,b54.png,Readable,+1,0,+1,0,+1,+1,0,+1,-1,0,+1,-1
22,212,b55.png,Readable,+2,+2,+1,+2,+2,+2,+2,-1,0,+2,+2,0
41,248,b55.png,Readable,-1,-2,-1,-1,+1,-1,-1,-1,+1,+1,+1,+1
283,726,b55.png,Readable,0,+2,+1,0,+1,+2,+1,-2,+1,0,0,0
400,186,b55.png,Readable,-1,+1,0,+1,+1,0,+1,-1,0,0,+1,+1
574,582,b55.png,Readable,-1,+1,+2,-1,+2,-2,0,-2,+2,-2,+2,+2
901,511,b55.png,Readable,0,0,+2,+1,+1,-2,0,0,0,-1,0,+2
1030,778,b55.png,Readable,-1,-2,+2,-2,-1,-2,-1,+1,-1,-1,-2,+2
1143,253,b55.png,Unreadable,-1,-1,+2,0,-1,-2,-1,-1,0,-2,-2,-2
1342,716,b55.png,Unreadable,+1,-2,+2,-1,0,+1,0,+2,+2,-2,+2,+1
1551,451,b55.png,Readable,+1,+1,0,+1,+2,+2,+2,+2,-1,+1,+2,+2
1651,685,b55.png,Readable,-1,-2,+2,-2,+1,+2,+1,-2,+1,+1,+1,+1
1717,823,b55.png,Readable,+1,+1,+1,+1,+1,+1,+1,+1,+1,+1,+1,+1
1885,473,b55.png,Readable,+2,+2,0,+2,+2,+2,+2,+2,+2,+2,+1,-1
1936,621,b55.png,Readable,+1,+1,+2,-1,+1,+1,+1,+1,+2,-2,+1,+1
1951,647,b55.png,Readable,0,0,+2,+1,-1,0,0,0,-1,-1,+1,+1
1955,654,b55.png,Readable,+1,+1,0,+1,+1,+1,+1,0,+1,+1,+1,0
1978,696,b55.png,Unreadable,0,0,0,0,0,0,0,0,0,0,0,0
2043,830,b55.png,Readable,-2,+1,0,-1,0,-1,-1,0,-2,0,+2,+1
2111,261,b55.png,Readable,0,-1,+1,-2,+1,-1,0,-1,+1,0,0,0
72,323,b56.png,Readable,+2,+2,+1,+2,+2,+2,+2,+2,+2,+2,+2,+2
84,347,b56.png,Unreadable,0,-1,+2,-2,0,-1,+1,+1,0,-1,-1,+2
169,513,b56.png,Readable,-1,-1,+1,0,-1,-1,-1,0,-1,0,0,0
195,579,b56.png,Unreadable,-1,0,+2,-1,0,-1,-2,-2,-2,-2,0,0
271,711,b56.png,Unreadable,-1,-1,+1,-1,+1,+1,-2,0,-1,-1,+1,-1
317,796,b56.png,Readable,0,0,+1,+1,-1,-1,-1,+2,+1,+1,+2,+1
365,880,b56.png,Unreadable,-1,-1,+1,-1,0,-2,+1,+2,+2,+2,+1,+2
593,626,b56.png,Readable,+2,+1,0,+1,+1,+1,+2,+1,+1,+2,+2,+1
612,656,b56.png,Readable,+1,+2,0,+1,+2,+2,+1,+2,+1,+1,+2,+2
775,210,b56.png,Readable,+2,+2,-2,+2,+2,+2,+2,+2,+2,+2,+2,+2
861,417,b56.png,Readable,+1,+1,0,0,+1,+2,+1,0,+1,+1,0,+1
1071,858,b56.png,Readable,0,+2,0,+1,+1,0,0,0,0,+1,+1,+1
1222,451,b56.png,Readable,+1,+1,+1,+1,+2,+1,+2,+1,0,+1,+1,+1
1226,464,b56.png,Readable,+1,+1,0,+1,+1,0,-2,+1,-1,+1,+2,0
1611,617,b56.png,Unreadable,0,0,+2,-1,0,+1,0,+1,0,+1,+1,-1
1648,677,b56.png,Readable,+1,+1,+1,-2,+1,-1,+1,+1,+1,-1,+1,+1
1679,729,b56.png,Readable,-2,0,+2,+1,+1,0,-1,+1,+2,-1,0,+1
1805,265,b56.png,Readable,-1,-1,+2,-1,0,0,0,0,0,-1,0,0
1890,488,b56.png,Unreadable,-2,-1,+2,-2,+2,-1,0,-1,0,-1,+1,+2
1896,510,b56.png,Readable,0,+1,+2,-1,-1,+1,+1,+1,0,0,+1,+1
2079,908,b56.png,Readable,+2,+2,+1,0,+1,+1,+2,+2,0,+1,+1,-1
2388,838,b56.png,Readable,-1,-1,0,0,+1,-1,0,0,0,-2,0,0
76,333,b57.png,Unreadable,0,-1,0,-2,0,0,-2,+1,-1,0,-2,-1
86,352,b57.png,Readable,0,-1,+1,+1,+2,-1,-2,+2,+1,+1,+2,0
121,417,b57.png,Readable,+1,+1,0,+2,+2,+2,+1,0,+1,+2,+2,+1
255,682,b57.png,Readable,0,0,0,0,0,0,0,0,0,0,0,0
305,777,b57.png,Unreadable,0,-2,+1,-1,-1,-1,-1,-1,-1,0,-1,+1
338,830,b57.png,Readable,+1,-1,-1,0,0,+1,+1,-1,-1,+1,0,+1
425,240,b57.png,Unreadable,-1,-1,+2,-1,+1,-1,0,+1,-1,-1,+1,+1
468,348,b57.png,Readable,0,-2,+1,-1,0,0,+2,-2,-2,0,0,0
500,409,b57.png,Unreadable,0,-2,+1,-1,-1,-2,-1,0,0,0,-1,0
526,467,b57.png,Unreadable,-1,0,+1,-1,0,-2,-2,0,-2,0,0,0
531,473,b57.png,Unreadable,-1,-2,+2,-2,-2,-1,-2,0,-1,-1,+1,-1
577,592,b57.png,Unreadable,-1,+1,+2,-2,0,-1,-2,-1,-1,0,0,+1
589,621,b57.png,Unreadable,-2,+1,+2,-1,-1,-1,-2,+1,+1,-1,-1,0
592,625,b57.png,Unreadable,-1,0,+2,-2,+2,-2,-2,-2,-2,0,+1,0
858,411,b57.png,Readable,-1,-2,0,+1,0,-1,-2,+1,0,+1,-1,0
891,485,b57.png,Unreadable,-2,-2,+2,-2,-1,-2,-2,+1,-2,-2,+2,0
977,673,b57.png,Readable,+1,+2,+2,+2,+2,+2,+2,+2,+2,+2,+2,+2
1123,212,b57.png,Next,+2,+2,+2,-1,+2,+2,+2,+2,0,-2,+2,+1
1148,262,b57.png,Unreadable,0,+1,+2,-2,-1,-2,-2,-2,0,-2,0,-1
1167,326,b57.png,Unreadable,0,0,+2,+2,+1,-2,-2,+1,+1,+1,+1,+1
1333,703,b57.png,Readable,-1,-2,+2,+2,0,-1,-2,+2,-2,0,+2,+2
1603,593,b57.png,Readable,0,0,+1,-1,-1,-2,-1,0,-1,-1,-1,0
1668,717,b57.png,Readable,-2,-2,0,0,-2,-2,-2,0,0,+2,+2,-2
1685,749,b57.png,Unreadable,-1,-1,+1,+1,+1,-1,-2,-1,+1,+1,+1,+1
1771,179,b57.png,Readable,0,0,0,0,0,0,0,0,0,0,0,-2
1835,360,b57.png,Unreadable,-1,-2,+2,-1,+1,-1,-2,0,-2,0,+1,+1
1897,511,b57.png,Readable,+1,+1,0,0,0,-2,0,0,0,0,0,+1
2062,875,b57.png,Unreadable,+2,+2,+2,-2,+2,0,0,+2,-2,+1,+2,+2
2205,629,b57.png,Unreadable,-2,-2,+2,+2,0,0,-1,0,-2,-2,+2,+2
2297,908,b57.png,Unreadable,-2,-1,+1,-2,+1,-2,-2,+1,-2,+2,0,-1
157,488,b58.png,Readable,0,+1,+1,-2,+2,+2,0,+2,+2,-2,+2,+1
165,508,b58.png,Readable,-1,0,-1,+1,+1,0,-1,-1,0,+1,+2,-1
382,907,b58.png,Readable,-1,0,+1,-1,0,-2,-2,-1,-1,-1,-1,0
395,177,b58.png,Readable,+2,+1,0,+1,+1,-1,+1,-1,+1,+2,+1,+1
408,209,b58.png,Readable,+1,+1,+1,+1,+1,-1,+1,+1,+1,+1,+1,+1
456,318,b58.png,Readable,0,+1,+2,-1,+2,-1,+2,-2,-2,+1,0,-1
458,325,b58.png,Readable,+1,0,+1,+2,0,-1,+2,-2,+2,+1,+2,0
692,803,b58.png,Unreadable,+2,-1,+1,+2,+2,-2,-1,-2,+2,0,+1,+2
1420,885,b58.png,Unreadable,+1,+2,0,+1,+1,-2,-2,-2,+2,+2,+1,-1
1654,694,b58.png,Unreadable,0,+1,+2,-2,-1,0,-1,-1,+2,+1,-1,-1
1815,300,b58.png,Readable,+1,+1,0,0,+1,-1,+1,+1,0,+1,-1,+1
1849,389,b58.png,Readable,+2,+1,-1,+1,+1,-1,+1,-2,0,+1,-1,+2
1891,489,b58.png,Readable,0,0,+1,+1,+1,0,0,-1,0,+1,+1,0
2146,400,b58.png,Readable,+1,+1,+1,+1,+1,+1,-1,+1,-1,+1,+2,+1
2438,728,b58.png,Readable,-1,+1,0,0,0,-1,-1,+1,-1,+1,0,0
53,269,b59.png,Unreadable,-1,-2,+2,-1,+2,-2,-1,+1,-2,0,+2,+1
163,503,b59.png,Unreadable,-2,-2,+1,0,-1,-2,-2,+2,-2,-2,+2,0
266,704,b59.png,Unreadable,0,-1,+1,0,-1,-2,+2,-2,0,-1,+2,0
332,823,b59.png,Readable,+1,+2,-1,+1,+1,+1,+1,+1,+1,+1,+1,+2
598,634,b59.png,Unreadable,-2,-2,+2,-2,-1,-2,-2,-2,-2,-2,-2,-1
711,836,b59.png,Readable,0,+1,+1,+1,+1,+1,0,+1,0,+1,0,+1
1059,830,b59.png,Readable,0,+1,+2,+1,0,-1,-1,-2,-1,+1,-1,0
1110,179,b59.png,Readable,0,0,-2,0,0,0,0,0,0,0,-1,0
1139,243,b59.png,Readable,+1,-1,+1,0,+1,-1,0,0,-1,0,0,+1
1214,429,b59.png,Readable,+1,+1,+1,+1,-1,-1,-1,+1,-1,-1,-1,+1
1231,471,b59.png,Readable,+1,+1,0,+2,+2,+1,+1,+1,-2,+2,+1,+1
1363,763,b59.png,Readable,+1,+1,+1,-1,+1,-1,-1,+2,+1,+1,+2,+2
1487,284,b59.png,Readable,0,0,+1,+1,+1,-1,0,-1,0,+1,+1,0
1538,417,b59.png,Readable,0,+1,0,0,0,+1,+1,+2,+1,+1,+2,+1
1605,597,b59.png,Unreadable,-1,-2,+2,0,0,-2,-1,+1,-2,-2,-2,0
1677,727,b59.png,Readable,-1,0,+1,-1,-1,-2,-1,-2,0,0,-1,0
1736,860,b59.png,Readable,+1,+1,0,+1,+1,-2,+1,+1,-2,+1,0,-1
1907,526,b59.png,Unreadable,+1,-1,+1,-1,0,-1,-1,0,-1,-1,+1,+1
2126,336,b59.png,Readable,-1,+1,+1,-1,-1,-1,-2,-1,0,-1,0,-1
2132,352,b59.png,Readable,+2,+1,+1,+2,+2,+1,-1,+1,+1,+2,+2,+1
2150,416,b59.png,Unreadable,0,0,+2,-2,+2,-1,-2,0,-1,0,+2,+2
2243,728,b59.png,Readable,-1,0,0,0,+1,-2,-1,+1,-2,+1,-1,-1
2476,636,b59.png,Readable,+2,+1,+1,+1,+2,+2,+1,+2,0,+2,+2,+1
1,166,b60.png,Readable,+1,+1,0,+1,+1,+1,+1,0,-1,-1,+1,0
7,179,b60.png,Readable,0,-1,0,+1,-1,+1,+1,+1,+1,+1,-1,-1
48,261,b60.png,Unreadable,-1,-1,+1,-1,0,-2,-2,-2,-2,-1,0,0
228,644,b60.png,Readable,+1,+1,0,+1,+1,+1,+1,+1,+1,+1,+1,+1
253,677,b60.png,Readable,+1,-1,+1,+1,-2,-2,-1,+1,-1,-1,+1,+1
304,775,b60.png,Unreadable,0,0,0,0,0,0,0,0,0,0,0,0
398,180,b60.png,Readable,+1,-1,+1,+1,+1,+1,+1,+1,+2,+1,+1,+1
528,469,b60.png,Readable,+1,+2,0,+2,+1,-1,0,0,0,+2,+1,0
700,818,b60.png,Readable,+1,-1,0,+1,+2,-2,-2,-1,-1,+1,+1,+2
819,325,b60.png,Unreadable,-1,0,0,+1,0,-2,-2,-2,-2,0,+1,0
956,641,b60.png,Readable,+1,+2,+1,+2,+2,-1,+2,+2,-2,+2,+2,+2
1067,847,b60.png,Readable,-1,+1,-2,+2,+2,-1,-2,-1,-1,+2,+2,+2
1088,895,b60.png,Unreadable,0,-1,0,-1,+1,-2,-2,-1,-1,-1,+2,+1
1129,221,b60.png,Readable,+1,-1,-1,-1,+1,-1,+1,+1,+1,+1,+1,+1
1263,555,b60.png,Unreadable,-1,-1,+1,-2,+1,-2,-1,-1,-2,-2,-1,0
1359,746,b60.png,Readable,+1,+1,0,+1,+1,+1,+1,+1,0,+1,+1,+1
1409,858,b60.png,Readable,0,0,0,0,0,0,0,0,0,-1,0,0
1433,907,b60.png,Unreadable,0,-1,+2,-1,0,-2,-2,-1,-2,-2,-2,0
1474,252,b60.png,Readable,0,+1,0,0,0,0,+1,+1,+1,+1,+1,0
1517,372,b60.png,Readable,+2,+2,0,+2,0,+2,0,0,0,-1,+2,+2
1529,399,b60.png,Readable,+2,0,+1,0,0,+1,-1,-1,0,+1,0,0
1552,454,b60.png,Readable,0,-1,+1,+1,-1,-1,-1,+1,-1,0,+1,+1
1582,525,b60.png,Unreadable,-2,-2,-2,-2,-2,-2,-2,-2,-2,-2,-2,-2
1585,536,b60.png,Readable,+2,-1,0,+1,+2,0,-1,-2,-2,+1,+1,0
1641,668,b60.png,Unreadable,-2,-2,-1,-1,-1,0,-1,-1,0,0,0,-1
1650,682,b60.png,Readable,0,0,0,0,0,0,0,0,0,0,0,0
1761,913,b60.png,Readable,+2,+2,0,+2,+1,-1,+1,-1,-2,-1,+2,-2
1820,318,b60.png,Unreadable,-2,-2,+2,-2,-1,-2,-2,-2,-2,-2,+1,+1
1958,658,b60.png,Readable,+2,+1,0,+2,+2,+1,+1,+2,0,+2,+2,0
2154,435,b60.png,Readable,+1,+1,0,+1,+1,+1,-1,+1,-1,+1,+1,+1
2312,240,b60.png,Readable,-2,-1,+1,-1,+1,-1,0,0,-2,-1,+1,+1
55,274,b64.png,Readable,-1,+1,-1,+2,+2,-1,+1,+1,+2,+2,+1,+1
142,464,b64.png,Unreadable,-1,+1,+2,-1,0,-1,-1,+2,-2,+1,+1,+1
186,555,b64.png,Unreadable,0,-1,+2,-2,-2,-2,-2,0,+1,-2,0,-1
291,736,b64.png,Readable,0,+1,+1,-1,+1,0,0,+2,-2,+2,-1,+2
626,674,b64.png,Readable,+2,+2,+1,+2,+2,-1,+2,+2,+2,+2,+1,+1
716,844,b64.png,Unreadable,+2,-2,+1,-2,-2,-2,+2,+2,-2,-2,-2,+2
766,186,b64.png,Readable,+1,+2,0,+2,+1,+1,+1,+2,-1,+1,+1,+1
789,235,b64.png,Readable,0,-1,+1,-1,+1,-2,-2,+2,+2,+1,+2,+1
966,659,b64.png,Readable,0,+1,+2,+1,0,0,+1,+1,+1,+1,+2,+2
995,707,b64.png,Unreadable,-2,-1,+2,-1,0,-2,0,0,0,0,0,0
1464,221,b64.png,Unreadable,-1,-1,-1,-1,-1,-1,-1,-1,-1,-1,-1,-1
1527,392,b64.png,Unreadable,0,-1,+2,-1,0,-1,-2,-1,0,-1,0,+1
1545,435,b64.png,Readable,0,+1,+1,+1,+1,+1,+1,+1,+1,+1,+1,+1
1754,901,b64.png,Readable,-1,0,+1,+2,0,0,-1,0,0,0,0,0
1972,682,b64.png,Readable,0,0,0,0,0,0,0,0,0,0,0,0
2025,798,b64.png,Unreadable,+1,0,+2,-2,+2,0,+1,+2,0,-2,+1,+1
2123,318,b64.png,Readable,-1,-1,+1,+2,0,-1,-1,+2,-2,+1,+1,-1
2258,795,b64.png,Readable,0,0,0,0,+1,-1,-2,+1,-1,0,+1,+1
2270,822,b64.png,Unreadable,-1,-1,+1,-1,0,-1,-1,+1,0,-1,0,-1
33,228,b7.png,Readable,-1,+1,+1,-1,+2,-1,-1,+1,+1,+1,+1,0
221,633,b7.png,Readable,0,+1,+1,+2,+1,-1,0,0,+1,+1,-1,0
261,694,b7.png,Readable,+1,+2,0,+1,+2,-1,-1,+1,-2,+2,+2,+1
342,838,b7.png,Readable,-1,+1,0,+1,+1,-2,-1,+2,0,0,+1,0
698,816,b7.png,Readable,+2,+2,+1,+1,0,0,+1,+2,0,+1,+2,+2
751,909,b7.png,Unreadable,0,0,+1,-1,-1,-1,0,0,0,+1,0,0
853,400,b7.png,Readable,+2,+2,-1,+2,+2,+2,+2,+2,-1,+2,+2,+2
941,619,b7.png,Readable,+1,+1,+1,+1,+2,+1,0,+1,+2,-1,+1,+1
1092,901,b7.png,Readable,+1,-1,+1,0,0,0,0,0,0,0,0,0
1134,229,b7.png,Readable,+2,+2,0,+1,+2,0,0,+2,0,0,0,+1
1459,210,b7.png,Readable,+2,+2,-2,+2,+2,+2,+2,+2,+2,+2,+2,+2
1491,300,b7.png,Unreadable,+1,+1,+1,-2,0,-2,-1,+1,+1,0,+1,+1
1588,545,b7.png,Readable,-1,0,+1,+1,-1,-1,0,+1,-1,-1,+1,0
1589,554,b7.png,Readable,+2,0,+1,+1,0,-2,+2,+2,-1,+2,+2,0
1739,873,b7.png,Unreadable,-1,-1,+2,-2,-1,-1,-2,0,-1,-1,-2,+2
1859,411,b7.png,Unreadable,0,0,+1,0,+1,-1,-1,0,0,-1,-1,0
2149,409,b7.png,Readable,+1,+1,0,+1,-1,+1,0,+1,+1,+1,+1,+1
2224,677,b7.png,Readable,+1,-2,+1,-1,+1,+1,+1,+1,+1,-1,+1,+1
2335,454,b7.png,Readable,+1,+1,0,+2,+2,-1,+2,+2,-1,+2,+2,+2
2370,720,b7.png,Readable,-2,-2,+2,-2,-2,-2,-2,-2,0,0,0,0
13,194,b9.png,Unreadable,-1,-1,+1,-1,-1,-1,-1,-1,-1,-1,+1,-1
62,299,b9.png,Readable,-1,-1,+1,+1,+2,+1,-2,+1,+1,+2,-2,0
172,518,b9.png,Readable,0,0,+1,+1,+1,+1,0,-1,0,0,+1,-1
183,544,b9.png,Readable,0,-1,0,+1,+1,+1,0,+1,0,+1,+1,+1
210,617,b9.png,Unreadable,0,-2,+2,-2,+1,-2,-1,-1,-1,-1,+2,+1
326,812,b9.png,Readable,+2,+2,0,+2,+2,+2,+2,+1,+1,+1,+1,+2
375,896,b9.png,Readable,+2,+2,0,+2,+2,+2,+2,+2,-2,+2,+2,+2
665,742,b9.png,Readable,+1,+1,0,+1,0,+1,+1,0,0,+1,+1,+1
796,253,b9.png,Readable,0,+2,0,+2,+2,+2,0,+1,+1,+2,+2,+1
866,426,b9.png,Readable,+1,+1,+1,+1,+1,+2,+1,+1,+1,+2,+1,+1
1075,870,b9.png,Readable,+1,+1,0,+1,+1,+2,+2,+2,+1,+1,+2,+2
1120,205,b9.png,Readable,+1,+2,0,+2,+2,+2,+1,+1,+1,+2,+2,-1
1170,336,b9.png,Readable,+1,+2,0,+1,+1,+1,0,+1,0,+1,0,+1
1210,424,b9.png,Readable,+1,+1,+1,-1,0,+1,0,+1,-1,0,-2,0
1211,425,b9.png,Readable,+1,0,+1,-2,-1,+2,-1,0,-1,+1,+2,0
1272,579,b9.png,Readable,+1,+2,+1,+2,+2,+2,+2,+2,0,+2,+2,0
1567,489,b9.png,Readable,+1,+1,0,+2,+1,+2,+1,+1,0,+1,+1,+1
2028,803,b9.png,Readable,0,-2,+2,+1,+1,+2,0,+1,-2,+2,-1,+2
2050,846,b9.png,Readable,+1,+1,0,+1,+1,+2,0,+1,+1,+2,+1,0
2316,262,b9.png,Readable,+1,+1,+2,-1,-1,+2,+1,+1,-1,-2,0,0
484,377,e11.png,Unreadable,-1,+1,+2,-1,-1,-1,-1,+1,-1,-2,+1,0
820,326,e11.png,Readable,+1,+1,+2,-1,+1,+1,+1,+1,+1,+1,+1,+1
962,654,e11.png,Unreadable,0,-2,+2,-2,0,-1,-1,+1,-1,-2,+1,0
1031,780,e11.png,Unreadable,0,-2,+2,-1,0,-2,-1,+2,-2,-2,0,0
1043,803,e11.png,Unreadable,+2,-2,+2,-2,-2,-2,-2,+1,-1,-2,-2,+2
1099,912,e11.png,Unreadable,+1,-1,+2,-1,+1,-2,-1,+2,0,-1,-1,+1
1251,521,e11.png,Readable,+1,0,0,0,0,0,+2,+2,0,0,-2,+2
1828,339,e11.png,Readable,0,-1,+1,-2,+1,-1,+1,+1,0,-1,0,0
2086,166,e11.png,Unreadable,+1,+1,+1,-1,+1,0,0,+1,+1,-1,+1,0
2399,908,e11.png,Readable,+1,+1,+1,+1,+1,0,+1,+1,+1,+1,0,-2
2458,266,e11.png,Readable,+2,+2,0,+2,+2,0,+2,+2,0,0,0,0
73,325,e12.png,Readable,+2,+1,-1,+2,+1,+2,+2,+2,0,0,+2,0
362,874,e12.png,Readable,+1,-1,+1,+1,+1,+2,+1,+1,0,+1,0,+1
647,715,e12.png,Readable,+2,+2,0,+1,0,-1,0,-1,0,0,0,+1
971,665,e12.png,Readable,0,-1,+1,-1,-1,-2,-1,-2,+1,+1,-1,+1
1083,885,e12.png,Readable,0,+1,0,+1,+1,+2,0,+1,+2,+2,+1,+1
1532,405,e12.png,Readable,+1,-1,0,+2,+2,+2,+2,+2,+2,+2,+2,+2
1698,782,e12.png,Readable,0,0,+1,+1,+1,+2,-1,+1,-1,+2,+1,+1
1901,516,e12.png,Readable,+2,+1,-2,+2,+2,+2,+2,+2,-1,+2,-2,+2
1937,622,e12.png,Readable,+1,-2,+1,0,+1,0,+1,+1,+1,+2,+1,0
2040,827,e12.png,Readable,0,-2,0,+1,+1,+2,0,-1,+1,+2,0,+1
2059,872,e12.png,Readable,+1,+1,0,+2,+2,+2,+1,+2,+1,+2,+2,+1
2074,900,e12.png,Readable,0,+2,0,+1,+2,+2,+1,+1,0,+2,+2,+1
2115,274,e12.png,Readable,+1,+1,0,+1,+1,0,+1,+1,+1,+1,+1,+2
2204,628,e12.png,Readable,+2,+2,0,+1,-1,+1,+1,-1,-1,+1,0,0
2253,777,e12.png,Readable,0,+1,+2,+2,+2,+2,+1,+2,+2,+2,+2,+2
2325,344,e12.png,Readable,+2,+2,0,+1,+2,+2,+2,+2,+2,+2,+1,+2
2371,723,e12.png,Readable,0,0,0,0,0,0,0,0,0,0,0,0
42,252,e13.png,Readable,+1,0,0,+1,+2,+2,+1,0,+1,+1,+2,+1
175,522,e13.png,Unreadable,0,-1,+1,-1,+1,-2,-2,+2,0,-2,0,-2
285,728,e13.png,Unreadable,-1,0,-1,-1,+1,-2,0,+1,-2,+2,+2,-1
314,792,e13.png,Readable,-1,-1,+1,+2,+1,+1,-1,+1,-1,-1,+1,+1
350,852,e13.png,Readable,0,+2,+1,0,+2,+2,0,+2,+1,+2,+2,+2
357,867,e13.png,Readable,-1,-1,+2,-2,+2,-2,-2,0,0,0,+2,+1
530,471,e13.png,Readable,+2,+1,+2,+2,+2,+1,0,+2,-2,+2,+1,+2
984,686,e13.png,Readable,+1,+1,0,+1,+1,+1,+1,+1,-1,-1,+1,+1
1114,187,e13.png,Unreadable,+2,+2,+2,-2,-2,-2,+2,-2,+2,+2,-2,-2
1485,274,e13.png,Readable,+1,+2,0,+2,+2,0,+1,+1,+1,+2,+1,+2
1549,443,e13.png,Readable,+1,+1,0,+1,+1,+1,+1,+1,0,0,+1,+1
1788,221,e13.png,Unreadable,-1,-1,-1,-1,-1,-1,-1,-1,-1,-2,-1,-1
1802,258,e13.png,Unreadable,+1,-2,+2,+2,0,-2,+1,+2,-2,-1,+2,+2
1843,376,e13.png,Readable,+1,0,+1,0,+1,0,+1,+1,-1,-1,0,0
1952,649,e13.png,Unreadable,+1,-1,+1,+1,0,+1,+1,0,0,+1,-1,-1
1970,677,e13.png,Readable,+1,+1,+1,-1,+1,-2,+1,-2,+1,-1,+1,+1
2029,807,e13.png,Readable,-1,+1,-1,+2,-1,+1,+1,+2,+1,+2,+1,+2
2099,213,e13.png,Unreadable,+2,+2,+1,+1,+1,+1,+1,+2,+2,0,+2,+2
2131,347,e13.png,Readable,+2,+1,0,+2,+1,+2,+2,+2,+2,+2,+1,+2
2300,913,e13.png,Readable,+2,+2,0,+1,+1,+1,+2,+2,-2,0,+2,+2
2448,850,e13.png,Readable,+1,+1,0,+1,0,0,+1,+1,+2,+2,+1,0
19,208,e14.png,Unreadable,-1,-1,+1,0,-1,-1,-1,-1,0,0,+1,0
87,354,e14.png,Unreadable,-1,-1,+2,-2,+1,-1,0,+1,-1,-2,-1,+1
161,500,e14.png,Unreadable,-1,0,+1,-1,+1,+1,0,+2,+1,0,+1,+2
262,695,e14.png,Unreadable,+1,-2,-1,-2,-1,-2,-1,+1,+1,-2,+1,+2
333,824,e14.png,Unreadable,-2,-2,-2,-2,-2,-2,-2,-2,-2,-2,-2,-2
340,836,e14.png,Readable,+1,+1,0,+1,+1,+1,+1,+2,0,+1,-1,0
517,440,e14.png,Unreadable,0,+1,+2,-2,0,+1,+1,+2,-2,-1,0,-1
569,570,e14.png,Unreadable,0,-1,+1,+1,+2,+1,+1,-1,-1,-2,+1,0
641,705,e14.png,Readable,0,0,-1,+1,+1,-2,-1,+2,-2,+2,0,+1
745,901,e14.png,Readable,0,0,0,0,0,0,0,0,0,0,0,0
748,906,e14.png,Readable,+2,+1,0,+1,+1,+1,+1,+2,+1,+2,+1,+1
801,262,e14.png,Unreadable,+2,-1,+2,-2,0,0,0,0,-1,-2,0,-1
821,333,e14.png,Readable,+2,+2,0,+2,+2,+2,+1,+2,+2,0,+1,+2
947,628,e14.png,Readable,+1,+1,0,+1,+1,+1,+1,+1,0,+2,+2,+1
1010,727,e14.png,Readable,+1,+1,0,+1,+1,+1,0,+1,0,0,+1,0
1244,510,e14.png,Readable,+2,+2,+1,0,+1,+1,+1,+2,+1,0,0,+1
1592,558,e14.png,Readable,+1,+1,0,+1,+1,+1,+1,+1,-1,0,+1,+1
1692,773,e14.png,Readable,0,+2,+2,+1,0,0,0,+1,+2,+2,+1,+2
1762,915,e14.png,Readable,+2,+2,0,0,+1,+1,+1,+1,0,+1,+1,+1
2218,666,e14.png,Unreadable,+2,-2,+1,0,+1,0,-1,+2,-2,-1,+2,0
2290,892,e14.png,Readable,+2,+2,0,+2,+2,+2,+1,+2,+2,+2,+2,0
2319,274,e14.png,Readable,+2,+1,0,+1,+1,0,+1,+1,+1,+1,+1,+2
20,209,e17.png,Readable,+1,+2,+1,-1,+1,-1,-1,-1,-1,-1,+1,+1
43,253,e17.png,Unreadable,+1,+1,+1,+1,+1,-2,+2,-1,+1,-2,+2,+1
168,512,e17.png,Readable,+1,+1,0,+1,+2,+2,0,+1,0,+1,0,0
233,653,e17.png,Readable,+2,+1,+1,0,+1,-1,+2,+1,-2,+1,+1,0
339,832,e17.png,Unreadable,0,-2,+2,-2,0,0,0,-2,-2,-2,-2,-2
345,844,e17.png,Readable,-1,+1,-1,+1,+1,-1,+1,-1,+1,-1,+1,+2
370,890,e17.png,Readable,+1,0,+2,-2,+2,-1,+1,-2,+2,0,+1,+2
650,718,e17.png,Readable,+2,+2,+2,+2,+2,+2,+2,+2,+2,+2,+2,+2
655,724,e17.png,Readable,-1,+2,+2,-1,+2,-2,+2,-1,+2,+2,-2,-2
1141,248,e17.png,Readable,-1,+2,+2,-2,+2,+1,-1,+1,+1,+1,+1,-1
1221,450,e17.png,Readable,+1,+1,0,+1,+1,0,+1,0,+2,+1,0,+1
1353,728,e17.png,Readable,0,+1,+1,0,0,-1,0,-2,-2,0,+1,0
1368,775,e17.png,Unreadable,0,0,0,0,0,0,0,0,0,0,0,0
1441,166,e17.png,Readable,+1,+1,+1,0,0,-1,0,-1,0,+1,+1,0
1496,318,e17.png,Readable,+1,+1,+2,+2,+1,-2,-2,-2,-2,+1,+1,-1
1661,706,e17.png,Readable,+1,+1,0,0,+1,-1,+1,+1,0,+1,+1,0
1740,874,e17.png,Readable,+1,+1,+1,-1,+1,0,0,+1,+1,+1,+1,+1
1760,912,e17.png,Unreadable,+1,0,+2,-2,+1,0,+2,+2,+1,-1,0,0
2227,686,e17.png,Unreadable,-1,+1,+2,-2,+1,-2,-2,-2,-2,-2,-1,+1
2280,850,e17.png,Readable,+1,+1,+1,0,+1,-1,0,-2,-2,0,0,+2
2428,555,e17.png,Unreadable,-1,0,-1,-1,-1,-1,+1,-1,+1,-1,+1,-1
2467,461,e17.png,Readable,0,-1,0,-1,0,-1,0,0,+1,0,0,+1
461,335,e18.png,Unreadable,+1,-1,0,+1,0,0,0,-1,0,+1,0,-1
507,424,e18.png,Readable,0,+1,0,+1,+1,-1,0,+1,-1,-1,+1,0
508,425,e18.png,Readable,-1,+2,0,+2,+2,+1,+1,+1,0,+2,+2,0
852,399,e18.png,Readable,-1,-1,0,0,0,-1,+2,+1,+1,0,+1,+1
1137,239,e18.png,Readable,0,+1,+1,+1,+1,0,0,+1,-1,-1,0,+1
1332,697,e18.png,Unreadable,0,0,0,0,0,0,0,0,0,0,0,0
1344,718,e18.png,Readable,+2,+2,+2,+2,+2,+2,+2,+2,+2,+2,+2,+2
1472,243,e18.png,Unreadable,-1,0,0,+1,+1,-1,-2,+1,-1,0,-1,+1
1518,375,e18.png,Readable,+1,+2,+1,+2,+2,+1,+2,+2,0,-2,+2,-1
1689,767,e18.png,Readable,0,+2,+2,+2,0,-2,+1,+2,+1,+2,+1,+2
1721,829,e18.png,Readable,+1,+2,0,+2,+2,0,+1,+2,0,+2,+2,+1
2077,906,e18.png,Readable,-1,+1,0,+1,+1,+1,0,+1,+1,+1,+1,0
2183,529,e18.png,Unreadable,+1,-1,-1,+1,0,-1,0,0,-1,-1,+1,+1
2292,896,e18.png,Unreadable,+2,+2,-2,+2,+2,-2,-2,+2,-2,-2,+2,-2
2373,734,e18.png,Unreadable,-2,0,-2,+2,+2,-2,-1,+1,0,+1,+1,0
2405,224,e18.png,Unreadable,-2,-2,+2,-2,-2,-2,-2,-2,-2,-2,-2,-1
137,450,e19.png,Readable,-1,+1,+1,-1,0,+1,+1,0,+1,+1,0,+1
193,575,e19.png,Unreadable,-1,-1,0,+1,+1,-2,-1,0,-1,+1,-1,+1
388,916,e19.png,Unreadable,0,+2,+1,-2,-2,-1,-1,0,-2,-2,-2,+2
465,342,e19.png,Readable,+1,+2,-1,+2,+2,+2,+2,+2,-1,+2,+2,+1
608,651,e19.png,Readable,+2,+2,0,+2,+1,+2,+1,+1,+2,+2,+2,+2
619,665,e19.png,Readable,-1,-1,0,-1,-1,+2,+1,+2,+1,+1,0,-1
684,784,e19.png,Readable,-1,+1,0,+1,+2,+2,+2,+1,-2,+1,+1,+1
899,508,e19.png,Readable,0,+2,-1,+2,+2,+2,0,+2,+1,+2,+2,+2
925,574,e19.png,Unreadable,-2,-2,-2,-2,+2,-2,-2,+2,-2,-2,-2,+2
1048,816,e19.png,Readable,+2,+2,0,+2,+2,+2,+2,+2,0,+2,+2,+2
1052,822,e19.png,Readable,0,+1,0,+1,0,+1,0,0,0,+1,0,0
1077,873,e19.png,Readable,-1,+1,+1,+2,+1,+2,-2,0,-1,+2,0,+2
1079,875,e19.png,Readable,+2,+2,0,+2,+2,+2,+2,+2,+2,+2,+2,+2
1102,925,e19.png,Readable,+1,-1,0,+1,+2,+1,-1,0,+1,+1,+1,+1
1699,783,e19.png,Readable,+1,+1,+1,+1,0,+1,0,+1,-1,+1,+1,0
1846,383,e19.png,Readable,+1,0,+1,+1,+2,+2,0,+1,-1,+1,+2,+1
1884,471,e19.png,Readable,+1,+2,0,+2,+2,+2,+2,+1,-2,+2,+2,+2
1929,597,e19.png,Readable,0,-1,0,0,0,-1,0,0,-1,+1,0,0
1987,712,e19.png,Readable,0,+2,-1,+2,+2,+2,+2,+2,+1,+2,+2,0
1989,716,e19.png,Readable,+2,0,0,+2,+2,+2,+2,+2,+2,+1,+2,+2
2041,828,e19.png,Readable,-1,0,0,+1,+1,+1,-1,+1,-2,+1,+2,+2
2105,235,e19.png,Readable,+1,+1,+1,-1,+1,+1,+1,+1,+2,+2,+2,+2
2187,554,e19.png,Readable,+1,+1,0,+2,0,+2,+1,+2,0,+2,+1,0
10,186,e2.png,Unreadable,+1,-2,+2,-2,-1,-2,-2,+1,-2,-2,+2,+1
505,419,e2.png,Unreadable,0,-1,+2,-1,+2,-1,-2,0,-2,0,+1,+2
839,370,e2.png,Readable,+2,+1,+1,0,+1,0,0,+2,+1,0,0,0
842,376,e2.png,Unreadable,+2,+1,+2,-1,0,-1,-2,+1,0,-1,0,0
914,536,e2.png,Unreadable,-1,0,0,+1,0,-1,-1,+1,-1,0,-1,0
917,545,e2.png,Readable,+1,+1,+1,+1,0,0,-1,0,0,0,+1,0
1292,629,e2.png,Readable,+2,-1,+2,+2,0,0,-1,0,-2,-2,0,+2
1299,640,e2.png,Unreadable,-1,-2,+2,-2,+1,-2,+2,+2,-2,-2,-2,+1
1634,656,e2.png,Unreadable,+2,+1,+2,-1,+1,+1,0,+1,+2,+2,+2,+2
1682,741,e2.png,Readable,0,-1,+2,+1,+1,-1,+1,+1,-1,0,+1,+1
1688,763,e2.png,Readable,+2,+2,+1,-1,+1,0,-2,+2,+1,0,+2,0
1795,240,e2.png,Unreadable,-2,-2,+2,-2,0,-2,-2,+1,-2,-1,+1,+1
1858,409,e2.png,Readable,+1,+1,+1,-1,-1,-1,+1,+1,-2,-2,-1,+1
2330,400,e2.png,Unreadable,+1,-1,+2,-2,-2,-1,-1,+1,-2,-2,+1,+1
2412,317,e2.png,Unreadable,+2,+1,+2,-2,+1,-2,-2,+2,-1,-1,+2,+2
2468,467,e2.png,Readable,0,0,0,0,0,-1,-1,0,-1,0,0,0
65,305,e20.png,Readable,0,0,+1,0,0,0,0,0,0,0,0,0
282,725,e20.png,Unreadable,-1,-2,+1,-1,+1,-1,+2,+1,-1,-1,+1,+1
297,754,e20.png,Unreadable,-2,0,+2,-2,-2,-2,-2,-2,-2,-2,-2,0
331,822,e20.png,Unreadable,0,-1,+1,+1,0,0,0,0,+1,0,+1,+1
363,875,e20.png,Readable,+2,+2,+1,-1,+2,-1,+2,+2,-2,-1,+2,+2
399,184,e20.png,Unreadable,+1,-1,+2,-2,0,+1,0,+2,-1,-1,+1,+1
404,196,e20.png,Readable,+1,+1,+1,0,+1,0,0,+2,-2,+2,+2,+1
460,333,e20.png,Readable,+1,+1,+1,+1,0,-1,+1,+1,0,-2,0,+1
466,344,e20.png,Unreadable,+1,-1,+2,-2,+1,+2,0,+1,+1,-1,+1,0
667,749,e20.png,Unreadable,-1,-2,+2,-2,-1,-2,-2,+1,-2,-2,+1,+1
750,908,e20.png,Readable,+1,0,0,+2,+2,+1,+1,+2,-2,+1,+1,-2
889,477,e20.png,Unreadable,-2,-1,+2,-1,0,-1,-1,0,-1,-2,0,-1
1066,846,e20.png,Readable,+1,+1,0,+2,+1,0,+1,+1,0,+1,+1,+1
1101,915,e20.png,Unreadable,0,0,+2,-2,-2,-2,+2,+2,0,-1,+1,+1
1544,428,e20.png,Unreadable,-2,-2,+2,-2,-1,-2,-2,+1,-2,-2,+1,+1
1547,437,e20.png,Readable,+1,+1,0,+1,+2,+1,+2,+1,0,+1,+1,0
1959,659,e20.png,Readable,0,0,+1,+1,+1,+1,+2,+1,+1,+1,+2,+2
2179,520,e20.png,Unreadable,+1,+1,+1,-1,0,-2,+2,+2,+1,-1,0,-2
2385,818,e20.png,Unreadable,-1,-1,0,-1,+1,-1,-2,+1,-1,-1,+1,-1
2387,830,e20.png,Readable,-1,0,+1,0,-1,0,-1,0,+1,0,+1,0
2460,317,e20.png,Readable,0,+2,+1,0,+2,-1,+1,+2,0,-1,+2,+1
201,595,e24.png,Readable,-1,+1,+1,+1,0,+1,+1,+1,0,+1,+1,+2
229,647,e24.png,Readable,+1,0,+1,+1,+2,0,+1,+2,+1,+1,+1,0
429,252,e24.png,Readable,0,0,0,+1,+1,+1,0,+1,+1,+1,0,0
435,261,e24.png,Readable,0,+1,0,+1,+2,0,+1,+1,0,0,0,0
504,417,e24.png,Readable,+1,+1,0,0,+1,+1,+2,+2,+1,+1,+2,+2
524,464,e24.png,Readable,-1,-2,0,+2,+1,-1,+1,-1,0,0,+2,-1
888,476,e24.png,Readable,-2,+1,0,+2,0,+1,+1,+1,+1,+2,+2,0
1062,838,e24.png,Readable,-1,+1,0,+1,-1,0,+1,+2,+1,0,-1,0
1076,872,e24.png,Readable,-1,+1,+1,+2,+2,0,+1,+2,0,+2,+2,0
1162,316,e24.png,Readable,-1,-1,0,+1,+1,0,0,-2,+2,+2,+2,+1
1174,344,e24.png,Readable,+2,+1,+1,+1,+2,+1,+1,+2,+2,+2,+1,+1
1334,704,e24.png,Unreadable,-2,-2,-2,-1,-2,+2,-2,0,-2,-2,0,0
1395,828,e24.png,Readable,+1,+1,0,+2,+1,0,+1,+1,+2,+1,+1,+2
1855,404,e24.png,Readable,+2,+2,-1,+2,+2,+2,+2,+2,+2,+2,+1,0
1878,461,e24.png,Readable,+1,+1,+1,0,0,-1,-1,+1,-2,-1,0,+1
1933,612,e24.png,Readable,-1,-1,0,+1,0,+1,+1,+1,+1,0,0,0
2027,802,e24.png,Readable,0,+2,+1,+2,+1,+2,+1,+2,0,+2,+1,+1
2240,722,e24.png,Readable,0,+1,0,+1,+1,+1,+1,+1,+1,+1,0,0
2267,816,e24.png,Readable,+2,+2,0,+2,+2,+2,+2,+2,+2,+2,+2,+2
2397,900,e24.png,Readable,-1,0,+1,+2,+1,-1,0,+1,+2,+1,+1,+1
16,198,e25.png,Unreadable,+1,-1,-1,-1,-1,-2,+2,-1,-2,-1,-2,-1
56,276,e25.png,Readable,+2,+1,0,+1,-1,+1,+1,-1,-1,-1,-1,-1
63,300,e25.png,Unreadable,+2,-1,+2,-2,-1,-2,+2,+1,+1,0,+1,+1
123,421,e25.png,Readable,-1,-1,-1,+1,+1,-1,-1,+1,-1,+1,-1,-1
440,269,e25.png,Unreadable,+2,+2,+2,-2,+1,-1,+2,-2,-2,-1,+1,+1
452,306,e25.png,Readable,+1,0,+1,+2,+1,-2,0,-1,0,+2,0,0
511,429,e25.png,Readable,+2,-1,+2,-1,-1,-1,+1,-1,+1,-1,+1,+1
666,746,e25.png,Readable,+1,+1,-1,+1,+1,+1,+1,+1,0,0,+1,0
676,775,e25.png,Unreadable,+1,0,0,0,0,0,0,0,0,0,0,0
753,913,e25.png,Unreadable,+2,+1,0,+1,+2,-1,+2,0,-1,+1,+1,+1
765,184,e25.png,Unreadable,+2,+1,+2,+1,-1,-2,+2,-2,0,-1,-1,0
1284,617,e25.png,Readable,+1,-1,0,+1,0,-1,+1,-2,+1,0,0,0
1323,680,e25.png,Readable,+2,+2,-1,+1,+1,0,-1,0,+1,+1,+1,+1
1329,694,e25.png,Unreadable,+2,+2,0,-2,+1,-2,-1,-1,0,0,-1,+1
1383,807,e25.png,Readable,+1,+2,0,+2,+2,0,+2,-2,+1,+2,+2,+2
1643,670,e25.png,Readable,+2,0,-1,+2,+1,+1,+2,+2,+2,+2,+1,0
1777,194,e25.png,Readable,+2,+2,+2,+1,+1,+1,+1,+1,+1,+1,+1,+1
2128,339,e25.png,Readable,+1,+1,+1,-1,+1,0,+1,-1,0,+1,+1,0
2148,405,e25.png,Unreadable,-2,+1,0,+1,+1,0,+1,-1,-2,-1,+1,+1
2190,563,e25.png,Readable,+2,+2,+2,+2,+2,0,+1,+2,+2,+2,+2,+2
2411,274,e25.png,Readable,+2,+2,0,+2,+2,0,+1,-1,+2,+2,+1,+2
155,484,e34.png,Unreadable,+1,0,+2,-2,-1,-2,0,+1,0,0,-2,+2
249,673,e34.png,Readable,+2,+2,+2,+2,+2,+2,+2,+2,+2,+2,+2,-2
312,784,e34.png,Readable,+1,+1,+1,0,+2,+1,+2,-1,0,0,+1,+1
369,886,e34.png,Readable,+1,+1,-1,-1,+1,+1,+1,+1,+2,+1,+2,+1
413,217,e34.png,Readable,+1,+1,0,+1,+1,-1,0,-1,-2,+1,0,0
499,406,e34.png,Readable,+1,-1,-1,+1,+1,+1,+1,+1,+1,+1,+1,+1
543,505,e34.png,Readable,+1,+1,+1,+1,-1,-1,+1,-1,-1,+2,-1,+1
630,682,e34.png,Readable,0,0,0,0,0,0,0,0,0,0,0,-1
701,819,e34.png,Readable,+1,+1,+1,+1,0,-1,+1,-1,-2,+1,+1,0
911,525,e34.png,Unreadable,+1,+1,+2,-2,0,-1,+1,-2,0,-2,0,+2
1046,810,e34.png,Unreadable,+2,+2,+2,-2,+2,-1,+2,-2,-2,-2,+2,+1
1055,825,e34.png,Readable,+2,+2,0,+2,+2,+2,+2,+2,+1,+1,+2,+1
1119,203,e34.png,Readable,+1,+1,+1,+1,0,0,+1,0,0,0,+1,0
1178,356,e34.png,Readable,+1,+1,+1,+1,+1,-2,0,-2,-1,0,+1,+1
1229,468,e34.png,Readable,+2,+1,-1,+2,+2,+1,+1,+1,+2,+2,+1,+1
1249,516,e34.png,Readable,+2,+2,+1,+2,+1,-1,+2,-1,-2,+1,-1,-1
1313,665,e34.png,Readable,+1,+2,+1,+1,-1,-1,+1,-1,+1,+1,+2,+2
1429,901,e34.png,Readable,+1,-1,0,-2,0,0,0,0,0,0,0,0
1448,180,e34.png,Readable,+1,+1,+1,+1,+1,+1,+1,+1,+1,+1,+1,+1
1494,316,e34.png,Readable,+2,+2,0,+2,+2,+2,+2,0,+2,0,+2,+2
1612,619,e34.png,Readable,+1,+1,+1,+1,+2,+1,0,+1,+2,-1,+1,+1
1916,558,e34.png,Unreadable,+2,+2,+1,+2,+2,-1,0,-2,-2,0,0,0
2071,895,e34.png,Readable,+2,+2,+2,+2,+2,+1,+2,+1,+1,+2,+2,+2
2284,872,e34.png,Readable,+2,+1,0,+2,+1,+1,+1,-1,-1,+1,+1,0
2376,773,e34.png,Readable,+2,+2,+2,+1,0,0,+2,+1,+1,+1,+2,+2
60,294,e35.png,Readable,-1,+2,+1,+1,+2,0,+1,+2,+2,0,+1,0
129,431,e35.png,Readable,-1,+1,-1,-1,-1,0,-1,-1,0,0,0,-1
133,438,e35.png,Readable,0,-1,0,+2,+2,-1,-1,+1,-1,0,+1,-2
352,857,e35.png,Readable,-1,-1,+1,-1,-2,-1,+1,-1,+1,-1,-1,+1
527,468,e35.png,Readable,+2,+2,+1,+2,+2,+2,+1,+1,+1,+1,+2,+2
572,578,e35.png,Readable,+2,+2,0,+2,+2,+2,+2,+2,0,+2,+2,+2
731,875,e35.png,Readable,+2,+2,+1,+2,+2,+2,+2,+2,+2,+2,+2,+2
776,212,e35.png,Readable,+2,+2,+2,+2,+2,+2,+2,+2,+2,+2,0,0
992,704,e35.png,Readable,0,+1,+2,0,-2,-2,-2,-1,+1,+1,0,-2
1205,414,e35.png,Unreadable,+1,-1,+2,-2,-1,-2,-1,-2,+1,+1,+1,+1
1691,772,e35.png,Unreadable,-2,-2,+2,-1,-2,-2,-2,-2,-2,-2,0,0
1830,344,e35.png,Unreadable,+1,+2,+1,-1,+2,0,+1,+2,+2,0,+1,+1
1889,485,e35.png,Readable,+2,+2,0,+2,+2,+2,+2,+2,0,+2,+2,+2
1911,544,e35.png,Readable,0,0,0,+1,+1,0,0,+1,+1,0,+1,+1
1939,625,e35.png,Unreadable,0,-2,+2,0,+1,-2,-1,-2,+2,+1,+1,+1
1960,661,e35.png,Readable,+1,+1,+1,+1,+1,+1,+1,+1,+1,+1,+1,+1
1975,689,e35.png,Readable,+1,+2,-2,+2,+1,0,+1,0,+1,+2,0,+1
2087,173,e35.png,Readable,-2,-1,+1,-1,-1,-1,-1,-1,-1,0,-1,0
2490,900,e35.png,Unreadable,0,-1,+1,0,+1,0,-1,-1,0,0,+1,0
311,783,e37.png,Unreadable,+2,+1,+2,-1,+2,-1,0,+2,+1,+2,-2,-2
958,647,e37.png,Readable,+2,+2,+1,0,0,+1,+2,0,-1,-1,+1,+1
965,658,e37.png,Readable,+2,+2,0,+2,+2,+2,+2,-1,+2,0,+2,+2
1297,636,e37.png,Readable,+2,+2,0,+2,+2,+2,+2,-2,0,+2,0,0
1659,704,e37.png,Readable,+2,+2,+1,+2,+2,0,+2,-2,+2,+1,+2,0
1770,178,e37.png,Readable,+2,+2,0,+2,+2,+2,+2,+2,+2,+2,+2,+2
1848,388,e37.png,Readable,+2,+2,+1,-1,0,+1,+1,-1,0,0,-1,+2
1881,467,e37.png,Readable,0,0,0,0,0,-1,+2,0,+1,0,0,0
1913,554,e37.png,Readable,+2,+2,+1,+2,+1,0,+2,-1,+2,+2,-1,0
2008,755,e37.png,Readable,+1,0,-1,+1,+1,+1,+1,-1,-1,+1,-2,-2
2235,709,e37.png,Readable,+2,-1,-1,-1,-1,-2,-1,-1,+1,+1,-1,-1
2331,417,e37.png,Readable,+1,+2,+1,+2,+2,+1,+2,+1,0,+1,+1,+2
2445,830,e37.png,Readable,+2,+1,-1,+1,+2,+1,+2,0,+1,0,+1,+2
2472,515,e37.png,Readable,+2,+2,0,+2,+1,+2,+2,0,+1,+2,+1,+2
2489,872,e37.png,Readable,+1,+1,+1,+2,+1,0,+1,-1,+1,+1,+1,+1
111,395,e39.png,Unreadable,-1,-1,0,+1,-1,-2,-1,+1,0,-1,+2,0
216,626,e39.png,Readable,-2,-2,0,+2,+1,+2,-1,+1,+1,+2,0,0
248,672,e39.png,Readable,+1,-1,+1,+2,+2,+2,0,+2,-2,-1,-1,+1
496,400,e39.png,Unreadable,+2,+2,-1,+2,+2,+2,+1,+2,-1,-2,-2,-2
663,735,e39.png,Readable,-1,-1,+1,-1,+1,-1,+2,+1,-1,-1,-1,-1
895,498,e39.png,Readable,+1,0,0,-1,+1,+1,+1,+1,0,-1,+1,+2
955,640,e39.png,Readable,+2,+2,+1,+2,+2,-1,-1,+2,0,-2,-2,+2
1053,823,e39.png,Readable,+1,+1,+1,+1,+1,+1,+1,+1,+1,+1,+1,+1
1158,299,e39.png,Readable,+2,+2,0,+2,+2,-1,-1,+2,-2,+2,-1,-1
1164,318,e39.png,Unreadable,-1,0,+1,0,+1,-2,-1,0,-2,-2,-2,+1
1250,520,e39.png,Readable,0,0,+1,+1,0,+1,+1,+1,-1,-1,-1,-1
1690,769,e39.png,Unreadable,-1,-1,+1,-1,0,-1,-1,+1,-1,-1,-1,0
1942,632,e39.png,Readable,+1,0,+1,+1,0,-1,0,-1,-1,0,-2,0
1969,676,e39.png,Readable,0,0,0,0,+1,0,0,0,0,0,0,+1
2153,428,e39.png,Unreadable,+1,-1,+2,-2,-1,-1,-1,+1,-1,-2,-2,+1
2184,536,e39.png,Readable,+1,-1,+1,+1,0,0,-2,-2,+1,+2,+1,0
2196,595,e39.png,Readable,+1,+1,+1,+1,+1,+1,0,+1,-1,+1,+1,0
2358,644,e39.png,Readable,+2,+2,+1,+2,+2,+2,+2,+2,+2,+2,+2,+2
2374,754,e39.png,Readable,-2,-2,0,+2,0,-2,-2,0,-2,-2,-2,0
2463,352,e39.png,Readable,+1,+1,+1,+2,+2,0,0,+1,+2,+1,+1,+2
609,653,e4.png,Readable,+2,+1,+1,+2,+2,-1,0,+2,-1,+1,0,0
625,673,e4.png,Readable,+2,+2,+2,+2,+2,+2,+2,+2,+2,+2,+2,+2
640,704,e4.png,Unreadable,0,-1,+1,0,-1,-2,+2,-2,0,-1,+2,0
670,755,e4.png,Readable,+1,+2,-1,+1,+1,+1,+1,+1,+1,+1,-1,-1
1013,731,e4.png,Readable,+1,+1,-1,+2,+1,-1,-1,+1,+1,+1,+2,+1
1112,184,e4.png,Unreadable,+2,0,+2,-2,-1,-2,+2,+1,-2,-2,-2,-1
1203,409,e4.png,Unreadable,+1,+1,+1,-2,0,0,0,0,-1,-2,0,0
1232,473,e4.png,Readable,+1,+1,+1,0,+1,+1,+1,+2,0,-1,-1,-1
1330,695,e4.png,Readable,+1,+1,+1,+2,+1,-2,+1,+1,+1,+1,+2,0
1711,812,e4.png,Readable,+1,+1,0,+1,+1,0,+1,+1,0,+1,+1,+1
1944,634,e4.png,Readable,+2,+2,-1,+1,+1,+1,+1,+1,+1,+1,+1,+1
1997,725,e4.png,Unreadable,-1,-1,+2,-2,+1,+1,-1,+1,-2,-2,+1,+1
2042,829,e4.png,Readable,0,+2,0,+2,+2,+1,+2,+2,+2,+2,+2,+1
2072,896,e4.png,Readable,+2,+2,+2,+2,+2,-2,+2,+2,-2,-2,+2,+2
2289,891,e4.png,Readable,+2,+2,+1,+2,+2,+2,0,+2,0,+2,-1,0
2353,575,e4.png,Readable,+2,+2,0,+1,+1,0,+1,+1,-1,+2,+1,+2
2384,816,e4.png,Unreadable,+1,0,+2,-2,+2,0,+1,+2,0,0,0,+2
2440,777,e4.png,Readable,+2,+2,+1,+1,+1,0,+1,+2,0,+1,0,+1
95,366,e40.png,Readable,+1,+1,+1,+2,+2,+2,+1,0,-1,+1,+1,+1
114,404,e40.png,Readable,+2,+2,-1,+2,+2,+2,+2,+2,+2,+2,+2,+2
237,658,e40.png,Readable,+2,+1,0,+1,+2,+2,+2,+1,+1,0,+1,+2
551,520,e40.png,Readable,+2,+2,0,+2,0,+1,+1,+2,-1,-1,+1,+1
627,676,e40.png,Readable,+1,+1,0,+1,+1,+1,0,+1,+1,+1,+1,+1
673,769,e40.png,Readable,+1,+1,0,+1,+1,0,+1,+1,0,+1,+1,-1
696,811,e40.png,Unreadable,+1,-1,+1,-1,+1,-2,-2,-2,0,-1,+1,-1
755,925,e40.png,Unreadable,0,0,+1,-1,-1,0,-2,-2,+2,0,+2,+2
905,516,e40.png,Readable,+2,+2,+1,+2,+2,+2,-1,-1,+2,+2,-1,-2
1015,735,e40.png,Unreadable,-2,+1,+2,+1,-1,-2,-2,-2,-1,-1,+1,+1
1212,426,e40.png,Readable,+1,+1,-1,0,+1,+1,0,0,+2,+2,+2,0
1246,512,e40.png,Readable,+2,+2,+2,+2,+1,+2,0,+2,+2,+2,+2,+1
1406,850,e40.png,Readable,0,+2,0,+1,0,-1,0,-2,+2,+1,+1,+2
1571,508,e40.png,Readable,0,-1,+1,0,+1,-1,+1,-1,+1,-1,+2,0
1621,634,e40.png,Readable,0,0,+1,0,0,+1,+1,+1,+1,+1,+1,+1
1758,908,e40.png,Readable,+2,+1,0,+1,+1,+1,+1,+1,0,+1,+1,0
1774,186,e40.png,Readable,+2,+2,0,+2,+2,+2,+2,+2,0,+2,+1,+1
1909,536,e40.png,Readable,+2,+2,+2,+2,+2,+1,0,+1,0,+1,+1,+1
2016,778,e40.png,Readable,-1,-1,+2,-1,-1,+1,-2,-1,+2,0,+1,+2
154,483,e41.png,Readable,+1,+1,+1,+1,0,+1,+1,+1,+2,+2,+1,+2
319,799,e41.png,Readable,+1,0,+1,-1,0,+1,+2,+2,-1,-1,+2,0
533,477,e41.png,Readable,+2,+2,0,+2,0,+1,+2,+1,+1,+1,+1,+1
741,895,e41.png,Readable,+2,+2,0,+2,+2,+2,+2,+2,0,+1,+2,+2
934,597,e41.png,Unreadable,+1,0,0,-1,-1,-2,0,0,-2,-1,+1,0
944,623,e41.png,Readable,0,+2,0,0,+2,+2,+2,0,0,+2,+2,+2
952,635,e41.png,Readable,+2,+1,0,+2,+1,+1,0,+2,-1,-1,+1,0
1002,718,e41.png,Readable,+2,+2,+2,+2,+2,+2,+2,+2,+2,+2,+2,+2
1103,926,e41.png,Readable,+2,+2,+1,+1,+1,+1,+1,+1,+1,-1,+1,0
1192,387,e41.png,Readable,+1,+1,+2,0,+1,-1,+2,+2,0,0,-1,0
1293,632,e41.png,Unreadable,+1,0,+2,-2,-1,-2,+1,0,-2,-1,-1,0
1316,669,e41.png,Readable,+2,+2,+1,0,+1,+1,+2,+2,-1,0,+1,-1
1328,689,e41.png,Readable,+2,+2,0,+2,+1,+2,+1,0,0,+1,+1,+1
1421,890,e41.png,Readable,+2,+2,-2,+2,+2,+2,+2,+2,+2,+2,+2,+2
1424,893,e41.png,Readable,+2,+2,0,+2,+2,+2,+2,+2,+2,+2,+2,+2
1493,309,e41.png,Readable,+2,+2,+2,-2,0,+2,+2,+2,-2,-1,+2,+2
1546,436,e41.png,Readable,+1,+2,+1,-1,+2,+1,+2,+1,-1,+1,+2,+2
1731,850,e41.png,Readable,+2,+2,0,0,+2,+1,0,+1,-2,+1,+2,+2
1844,377,e41.png,Readable,+2,+2,+2,+2,+2,+2,+2,+2,+2,+2,0,0
1918,567,e41.png,Readable,+2,+2,-1,+2,+2,-1,+1,+1,+2,+2,+1,+1
1996,724,e41.png,Readable,+2,+2,+2,-2,+2,-2,+2,+2,+2,+2,+2,+2
2058,870,e41.png,Readable,+1,+1,0,+1,+2,0,+2,+2,-2,0,+2,+2
2119,299,e41.png,Unreadable,+1,+2,+2,-2,-2,0,+2,+2,-2,0,-1,-2
719,850,e42.png,Readable,+1,-1,+1,0,0,-1,0,-2,-2,0,-2,+2
886,471,e42.png,Unreadable,+2,-1,+1,-1,0,-1,-1,-2,-2,-2,-1,+1
1136,235,e42.png,Readable,+2,+2,+1,+2,+1,+2,+2,-2,-2,-1,+2,+2
1181,361,e42.png,Readable,0,0,+1,-2,0,+1,0,-1,0,+1,+1,+1
1228,467,e42.png,Readable,0,0,+1,0,0,0,0,0,-1,0,+1,0
1260,544,e42.png,Unreadable,0,+1,+1,-1,0,-1,0,0,-2,-1,-2,0
1364,767,e42.png,Readable,0,0,+2,+2,+1,-2,-2,-1,-2,0,-2,+2
1430,903,e42.png,Unreadable,+2,+1,+1,-1,+1,-1,0,+2,-1,-1,-1,+1
1730,847,e42.png,Unreadable,+1,0,+2,-2,-2,-2,-2,-2,-2,-2,-2,+2
1798,252,e42.png,Unreadable,+1,0,+1,-1,0,0,0,+1,0,0,-1,0
1867,426,e42.png,Unreadable,+1,-2,+2,-1,-1,-2,-2,-1,-1,-2,0,+1
2233,705,e42.png,Unreadable,0,-1,+2,-2,-1,-2,-2,-2,-2,-2,-2,+1
2271,827,e42.png,Unreadable,0,+1,+1,+1,-1,-2,-1,-2,-1,-1,0,+1
14,195,e43.png,Unreadable,-1,-1,-1,0,+1,-2,-2,-2,-1,-1,-1,-1
112,399,e43.png,Readable,+1,+1,0,+2,+2,+2,+2,+2,+2,+2,+2,+2
136,449,e43.png,Readable,+1,+2,-1,+2,+2,+2,+1,+2,+2,+2,+2,+2
263,696,e43.png,Unreadable,0,-1,0,0,0,-1,0,0,0,0,0,-1
341,837,e43.png,Readable,+2,+2,0,+2,+2,+2,+2,+2,0,0,0,0
361,873,e43.png,Readable,-2,+2,-2,+2,+2,-2,+2,+2,-1,+2,-1,+1
498,405,e43.png,Readable,-1,+2,-2,+2,+2,+2,+2,+2,0,0,-1,+2
542,503,e43.png,Readable,0,+2,+2,+2,0,0,+2,+2,0,0,0,0
838,369,e43.png,Readable,-2,+2,-1,+2,+2,0,0,0,0,0,-1,0
880,461,e43.png,Readable,-1,0,0,0,-1,-2,0,0,0,0,0,0
887,473,e43.png,Readable,+2,+2,0,+2,+2,+1,+2,+2,0,+2,0,+2
918,554,e43.png,Readable,+2,+2,-1,+2,0,+2,+2,+2,0,+2,+2,+2
1175,347,e43.png,Readable,-1,+2,-2,+2,+1,0,+2,+2,0,0,-1,+2
1223,454,e43.png,Readable,+2,+2,-2,+2,+2,0,+2,+2,0,0,+2,-1
1268,570,e43.png,Readable,+2,+2,-1,+2,+2,-1,+2,+2,0,0,+2,+2
1305,651,e43.png,Readable,+2,+2,0,+2,+2,+2,+2,+2,0,0,+2,+2
1340,712,e43.png,Readable,0,+2,0,+2,+1,-1,+2,0,0,+2,-1,0
1411,860,e43.png,Readable,-2,+1,0,+2,+2,-2,+2,+2,-2,0,+1,+1
1530,400,e43.png,Readable,+2,+2,-2,+2,+2,+2,+2,+2,-2,+1,+2,+2
1865,424,e43.png,Readable,-1,+2,0,+2,+2,0,+2,+2,0,0,0,0
2023,795,e43.png,Readable,0,0,0,0,0,0,0,0,0,0,0,0
2051,847,e43.png,Readable,+2,+2,-1,+2,0,+2,+2,+2,0,+2,+2,+2
2164,469,e43.png,Readable,+1,+2,-1,-2,+1,-1,+2,+2,-1,0,+2,0
2400,174,e43.png,Readable,+1,+2,0,+2,0,+1,+2,+2,0,0,0,0
2422,467,e43.png,Readable,0,0,0,0,0,-1,+1,-1,-1,+1,0,0
80,339,e44.png,Readable,+1,0,+1,-1,0,+2,+2,+2,-1,-1,-2,+1
138,451,e44.png,Readable,+1,+2,+1,0,+1,0,0,-1,0,+1,0,-1
601,639,e44.png,Readable,+2,+2,+1,+1,-1,+1,+2,-2,0,+1,+1,0
693,807,e44.png,Unreadable,+1,+2,+2,-2,-2,-2,+2,-2,-2,-2,-2,+2
830,352,e44.png,Readable,+2,+2,+1,+2,+2,+2,+2,0,+1,+2,+2,+2
893,489,e44.png,Readable,+1,-1,0,+1,+1,+1,+1,-1,+1,+1,+1,-1
1324,682,e44.png,Readable,-2,-1,-1,-1,-1,-1,0,-2,0,0,0,-1
1489,298,e44.png,Unreadable,+1,0,+1,0,-1,-1,+1,-2,-1,+1,-1,-1
1565,485,e44.png,Unreadable,+2,+1,+2,-1,0,-2,0,-2,-2,+2,0,0
1638,664,e44.png,Next,+1,+1,+1,0,-1,-1,+1,-2,-1,0,-2,0
1852,395,e44.png,Unreadable,+2,+1,+1,+1,+1,-1,+1,-2,-1,-1,-2,0
1991,718,e44.png,Readable,+2,+1,+2,+2,+2,+1,0,+2,+2,+2,+2,+2
2012,772,e44.png,Unreadable,-2,+1,+2,0,0,-2,0,-2,-2,-2,-2,0
2096,198,e44.png,Unreadable,+2,-2,+2,-2,0,-2,+2,-2,-2,-2,-2,-2
2098,210,e44.png,Readable,+2,+2,-2,+2,+2,+2,+2,+2,+2,+2,+2,+2
2189,558,e44.png,Unreadable,+1,+1,+2,+1,0,-1,+1,-2,-1,-1,-2,-1
2200,616,e44.png,Unreadable,+2,0,+1,-1,+2,-2,+2,-2,-2,-2,-2,-2
2332,424,e44.png,Unreadable,+1,+1,+1,0,-1,0,0,-2,-2,0,-2,0
97,370,e45.png,Unreadable,+2,+1,+1,+2,+2,+1,+1,+1,-2,+1,-2,0
250,674,e45.png,Readable,0,-2,0,+2,-2,-2,+2,+2,+2,+2,-2,-1
397,179,e45.png,Readable,+1,+1,-1,-1,-1,+1,-1,-1,-1,+1,0,0
509,426,e45.png,Readable,+1,+2,+1,+1,+1,+1,+1,+1,-1,+2,-2,+1
550,516,e45.png,Readable,+2,+2,-2,+2,+2,+2,+2,+2,-2,+2,-2,+2
558,529,e45.png,Readable,+1,+1,0,+1,+1,0,+1,+1,-1,0,-2,+1
632,686,e45.png,Unreadable,+1,-1,-1,+2,+2,+1,+2,+2,+1,+1,-2,+1
1025,769,e45.png,Readable,+2,+2,0,+2,+1,0,-1,+1,-1,0,0,0
1300,641,e45.png,Readable,+1,+2,0,+2,+2,+2,+2,+2,-1,+2,-2,+2
1321,676,e45.png,Readable,-1,0,0,0,-1,-1,-1,-1,-1,-1,-1,0
1375,784,e45.png,Readable,+2,+2,0,+1,+2,+2,+2,+2,-1,0,+1,+1
1524,388,e45.png,Readable,+2,+2,-1,+2,+1,-2,+2,-2,0,+1,-2,+2
1707,803,e45.png,Readable,+2,+1,0,+2,+2,+2,+2,+2,-1,-1,-2,+1
1784,213,e45.png,Unreadable,+2,0,+2,+2,+2,+2,+2,0,+2,0,-2,+2
1957,656,e45.png,Readable,+2,+1,0,0,+1,+1,+2,+1,+1,+1,+2,+2
2005,746,e45.png,Readable,+1,+1,0,+1,+1,-1,0,0,0,0,-1,0
2033,816,e45.png,Readable,+2,+1,0,+2,+2,+1,+2,+2,-1,0,-1,+2
2202,623,e45.png,Unreadable,-2,-2,-2,-2,-2,-2,-2,-2,-2,-2,-2,+2
2245,734,e45.png,Unreadable,+1,+1,0,+2,+2,+2,0,+2,+2,-1,-2,0
2268,818,e45.png,Readable,+2,+2,0,+2,+2,-1,0,+2,+2,+2,-2,+1
2414,344,e45.png,Readable,+2,+2,0,+2,+2,+2,+2,+2,+2,+2,-1,+2
2437,706,e45.png,Readable,+1,+2,+1,+1,+1,+1,+1,+1,+1,+1,+1,0
9,184,e46.png,Readable,+1,+2,+1,+2,+2,+1,+2,+2,+2,+2,+2,+2
69,317,e46.png,Readable,-1,+1,0,+2,+2,0,+2,+2,0,+2,+2,+2
171,516,e46.png,Readable,-2,+2,-2,+2,-1,-2,+2,+2,-2,-1,-2,+1
208,612,e46.png,Readable,-2,-2,-1,+2,-1,+2,+1,+2,+2,+2,-1,+1
226,640,e46.png,Readable,-1,+1,0,+2,+2,+2,+2,+2,0,+1,-1,+2
298,755,e46.png,Unreadable,-2,-2,-2,+1,+1,-2,0,+2,+1,+2,+2,-1
335,827,e46.png,Readable,+1,+2,-1,+1,+2,0,0,0,-1,+2,+1,+1
371,891,e46.png,Readable,0,+2,0,+2,+2,+2,+2,+2,0,+2,-1,0
415,220,e46.png,Readable,0,+2,0,+2,0,-1,+1,+2,-1,+2,+1,+1
420,228,e46.png,Readable,-1,-1,-1,+1,+1,-1,+2,+1,+1,+1,-1,-1
449,300,e46.png,Readable,+1,+2,0,+2,+2,0,+1,+2,+1,0,+1,-1
515,437,e46.png,Readable,+2,+1,+1,+1,+2,-2,+1,+1,+2,+2,+1,+2
522,460,e46.png,Unreadable,+2,-2,+1,-1,+2,0,+2,-2,-1,-2,-2,-2
605,647,e46.png,Readable,+2,+2,0,+1,+2,+1,+1,+2,+1,+2,+2,+1
743,899,e46.png,Readable,-1,+1,+1,+1,-1,-1,+2,0,0,0,+2,+1
1171,338,e46.png,Readable,0,+1,0,-1,+1,0,0,+1,+1,0,-1,0
1336,706,e46.png,Readable,0,+1,0,+1,+1,-1,+1,+1,0,+1,+1,+1
1497,319,e46.png,Readable,-1,+1,-1,+1,+2,+2,+1,+2,+2,+2,+1,+2
1587,544,e46.png,Readable,+1,+2,0,+2,+2,+2,+2,+2,0,+2,+2,+2
1702,795,e46.png,Readable,-1,+1,0,0,+1,-2,-1,-1,0,+1,+1,+1
1778,196,e46.png,Readable,+2,+1,+1,+1,+1,+1,+1,+1,0,+1,+1,+1
1945,635,e46.png,Unreadable,-2,+2,-2,-1,0,+1,+2,+2,0,+1,0,-1
2229,694,e46.png,Readable,-1,+1,0,+1,+2,0,+2,-1,0,+2,+1,+1
2255,782,e46.png,Readable,-1,+1,0,+1,0,+1,+1,+1,+1,+1,+1,+1
2352,570,e46.png,Readable,+2,0,0,+1,+1,+1,+2,+2,0,+2,+2,+2
2407,247,e46.png,Readable,-2,+2,-1,+2,+2,-1,+2,+2,+2,+2,-2,+2
96,369,e47.png,Readable,0,0,+1,+2,0,+1,0,0,+1,0,+1,0
146,469,e47.png,Readable,0,0,+1,+1,0,-2,0,-1,-1,-1,-2,-1
620,666,e47.png,Unreadable,+1,0,+2,-2,+1,-2,-1,+2,-1,+1,+2,0
747,904,e47.png,Unreadable,+1,+1,+1,+1,0,+1,+1,-1,+1,+1,0,-1
826,342,e47.png,Readable,+1,+1,0,+2,0,+2,+1,+1,-1,+1,-1,+1
1276,593,e47.png,Readable,0,0,+1,-1,-1,-2,-1,0,-1,-1,-1,0
1339,711,e47.png,Readable,+1,+1,0,+1,+1,+2,+2,+2,+2,+2,+2,+2
1703,796,e47.png,Unreadable,-1,-2,+2,-2,-1,-1,-1,-2,-2,-1,-1,-2
1713,817,e47.png,Readable,+2,+1,0,+2,+2,+2,+2,+1,+2,+2,+2,0
1869,435,e47.png,Unreadable,-1,+1,-1,-1,-1,+1,-1,+1,+1,+1,+1,+1
2057,860,e47.png,Readable,-1,+1,0,0,+1,-1,+1,-1,+1,+1,0,0
2067,890,e47.png,Readable,0,+2,-1,+2,+2,+2,+2,+2,+1,+1,+2,-2
2090,178,e47.png,Unreadable,0,+1,+2,-1,+2,+1,+1,-2,-2,0,+2,+1
2095,196,e47.png,Readable,0,0,+2,+1,+1,+1,0,0,+1,0,+1,+1
2121,309,e47.png,Readable,0,0,+2,-2,-1,+2,+2,+1,-2,-2,-1,+2
2122,317,e47.png,Readable,+2,+2,0,+1,0,+2,+2,+1,0,+1,-1,0
2213,649,e47.png,Readable,-1,+1,+1,+1,+2,+1,+1,+2,+2,+1,+1,+1
2346,521,e47.png,Readable,0,+1,+1,+1,0,+1,+1,-1,-2,+1,-2,-1
292,741,e49.png,Readable,0,0,0,0,-1,0,0,0,-1,+1,+1,+1
309,781,e49.png,Readable,+2,-1,0,0,+1,+1,+2,0,-1,0,+1,+1
392,173,e49.png,Readable,-1,-2,0,+2,+2,-2,-2,+1,0,+2,+2,+2
434,258,e49.png,Readable,0,0,-1,-1,+1,+1,0,-1,-1,+1,+2,+2
442,274,e49.png,Readable,+1,+1,0,+1,+1,0,+2,-1,+2,+2,+1,+2
483,376,e49.png,Readable,+1,+1,-1,0,+2,+2,+2,+2,+2,+2,+2,+2
651,719,e49.png,Readable,0,-1,0,+1,+1,+1,0,-1,0,+1,+1,0
708,829,e49.png,Readable,0,-1,+1,0,0,+1,0,0,-1,-1,+1,-1
735,882,e49.png,Readable,+1,0,+1,0,+2,+1,+2,+2,+2,+1,+2,+1
970,664,e49.png,Unreadable,-1,-2,+2,-2,-1,-2,-1,-1,-2,-2,-1,0
1023,763,e49.png,Unreadable,-1,-1,+2,-1,-1,-1,0,-1,+1,0,+1,+1
1054,824,e49.png,Unreadable,-2,-2,-2,-2,-2,-2,-2,-2,-2,-2,-2,-2
1078,874,e49.png,Readable,+1,+1,-1,-1,+1,+1,+1,+1,+1,+1,+1,+1
1204,411,e49.png,Unreadable,-1,-2,0,-1,+1,+1,-1,0,0,0,+1,0
1242,505,e49.png,Readable,+1,+1,-1,+1,+1,+1,+1,+1,+1,+1,+1,+1
1457,205,e49.png,Unreadable,+2,+2,-2,0,-1,-2,-2,-2,-2,-2,+1,0
1598,578,e49.png,Readable,+2,+2,-1,0,+1,+1,+1,0,+1,0,+2,+2
1718,825,e49.png,Readable,0,+1,-1,-1,+2,0,+1,+1,-1,-1,+2,+2
1747,891,e49.png,Unreadable,-2,-2,+2,-2,-2,-2,0,+2,0,0,+1,0
1834,358,e49.png,Readable,0,0,0,0,0,+1,0,0,0,0,0,0
1842,375,e49.png,Readable,+1,+1,+1,0,+2,+2,+2,+2,+1,+1,+2,0
2219,668,e49.png,Readable,0,0,0,0,0,0,+1,0,0,0,0,+1
2382,810,e49.png,Unreadable,+1,-2,+2,-2,+1,-2,-1,-2,-1,+2,+1,+1
50,265,e5.png,Readable,-1,-1,0,+2,0,-1,-1,+1,0,-1,0,0
67,309,e5.png,Readable,0,+1,-1,-2,-1,-2,-2,+2,-2,0,+2,+2
89,358,e5.png,Readable,+1,0,+1,0,0,0,0,+2,-1,+2,+1,0
546,511,e5.png,Readable,0,0,0,-1,0,-1,+1,0,+1,0,+1,+1
679,779,e5.png,Readable,+1,+1,+1,0,+1,0,-1,+1,-1,-1,0,+1
688,796,e5.png,Readable,+1,+2,0,+2,+2,-1,+1,+2,-2,-2,+2,0
831,356,e5.png,Readable,-1,+1,+1,+1,+1,-1,-1,+1,0,0,0,0
894,490,e5.png,Readable,+1,+1,-1,+1,+1,+1,+1,+1,0,+1,0,+1
1084,890,e5.png,Readable,+1,+2,+1,-2,+2,0,+2,+2,-2,-2,+2,+2
1404,846,e5.png,Readable,+1,+1,+1,+1,+1,0,+1,+1,0,+1,+1,+1
1417,879,e5.png,Readable,0,+1,0,0,0,0,0,0,0,0,0,0
1454,196,e5.png,Readable,0,+1,+1,+1,+1,+1,+1,+1,0,+1,+1,+1
1536,414,e5.png,Unreadable,+1,+1,+1,-1,0,0,+1,+1,-2,-1,+1,0
1722,830,e5.png,Readable,+2,+1,+2,+1,+2,0,+1,-1,+1,0,+2,+1
1832,352,e5.png,Readable,+2,+1,+1,+2,+2,+1,0,+2,0,+1,+2,+1
1946,636,e5.png,Readable,+2,+2,0,+2,+2,+2,+1,+2,0,+2,+2,+1
2138,377,e5.png,Readable,+2,+1,0,+2,+1,+1,+1,+1,-1,-1,0,0
2295,901,e5.png,Readable,+2,+2,0,+1,+1,0,0,0,0,0,0,+2
2436,676,e5.png,Readable,0,0,0,0,0,0,0,0,0,0,0,0
98,372,e51.png,Readable,+2,+2,0,-2,0,0,+2,+2,-1,-2,+2,+2
120,416,e51.png,Unreadable,-1,-2,+1,-2,+2,0,0,+2,-1,0,+2,+2
189,563,e51.png,Readable,+1,+1,+1,0,+2,+2,+2,+2,+2,-1,0,+1
287,730,e51.png,Readable,-1,-1,-1,-1,+1,-2,-1,+1,-1,-2,-1,+2
347,847,e51.png,Readable,0,-2,+2,-2,0,-1,-2,+2,+2,-1,+2,+2
446,294,e51.png,Readable,+2,-2,0,0,+2,+1,+1,+2,0,+1,+1,0
727,870,e51.png,Readable,+2,+2,+1,+2,+2,+1,+2,+2,+1,+1,+2,+2
730,874,e51.png,Readable,+1,+1,+1,-1,+1,-1,-1,0,+1,0,-1,0
738,891,e51.png,Readable,+2,+1,+2,+2,+2,+2,+2,+2,0,+2,+1,0
793,247,e51.png,Readable,+1,+2,+1,+2,+2,+1,+2,+2,+2,+1,+1,+1
800,261,e51.png,Unreadable,+1,+1,+2,-2,0,-2,-1,+1,-2,-2,0,0
1081,881,e51.png,Readable,+1,+1,+1,+1,0,0,+1,+1,0,-2,+1,0
1277,595,e51.png,Readable,+1,+1,0,+1,+1,0,0,+1,0,0,+1,0
1399,837,e51.png,Unreadable,-1,-1,+1,-1,0,-1,-1,-1,-1,-1,-1,0
1401,841,e51.png,Readable,+2,+2,0,+2,+1,0,+1,0,0,0,+1,+1
1427,899,e51.png,Readable,+1,0,+2,+1,0,0,-1,0,+1,+1,0,0
1516,370,e51.png,Readable,+1,+2,0,+2,+2,+2,+1,+2,+1,0,+1,0
1535,411,e51.png,Readable,+2,+1,0,0,+1,+1,0,+1,0,0,+1,0
1577,516,e51.png,Unreadable,+1,+1,+2,-2,+2,+2,+2,+2,-2,-2,+2,+2
1759,909,e51.png,Readable,0,+1,0,+1,0,-1,0,+1,-1,0,0,0
1809,274,e51.png,Readable,+1,+1,0,-1,+1,0,+1,+1,+1,+1,+1,+2
1851,392,e51.png,Readable,+2,+1,0,0,0,0,+1,+1,+1,+1,0,+2
1856,405,e51.png,Readable,+2,+1,+1,+1,+2,0,+1,+2,+1,+1,+1,+1
1902,520,e51.png,Readable,+1,+1,0,+1,+1,+2,+2,+2,-2,-1,+1,+1
1920,574,e51.png,Unreadable,-1,-2,-1,-2,-2,-2,-2,+2,-2,+1,-2,+1
1950,644,e51.png,Readable,+2,+2,0,+2,+2,+2,+2,+2,+2,+2,+2,+2
2141,389,e51.png,Readable,+2,+2,-1,+2,+2,0,+1,+2,0,+1,+2,+2
2364,686,e51.png,Readable,+1,+1,+1,+1,+1,-1,-2,+1,+1,+1,+1,+1
24,216,e52.png,Readable,+1,+1,0,0,+1,-1,0,-1,0,+1,-1,0
54,273,e52.png,Readable,+2,+1,+2,+2,+2,+2,+2,+1,0,+1,+1,+1
211,619,e52.png,Readable,+2,+2,0,+2,+2,+2,+2,+2,+2,+2,+2,0
232,651,e52.png,Readable,+2,+2,0,+2,+2,-1,+1,+1,+2,+2,-1,+2
407,205,e52.png,Readable,+1,-2,+1,+2,+1,0,+2,+2,+2,+2,+2,+2
537,488,e52.png,Readable,+2,+2,0,+2,+2,+2,+2,+2,0,+2,+2,+2
583,605,e52.png,Readable,+1,-1,+1,-1,0,-1,-1,-2,-2,-2,-1,-1
664,741,e52.png,Readable,+1,+1,+2,0,+1,-1,+1,+1,-1,+1,0,+1
695,810,e52.png,Readable,+1,+1,+1,+1,+2,+2,+2,+2,-1,+2,+1,+1
875,443,e52.png,Readable,+2,+2,0,+2,+2,+2,+2,+1,+1,+2,+2,+2
897,503,e52.png,Readable,+1,-1,0,+1,-1,0,+1,-2,-2,+2,-1,+1
1022,755,e52.png,Readable,+1,+1,0,+1,+1,+1,+1,0,+1,+1,+1,+1
1188,376,e52.png,Readable,+1,+1,+1,0,+1,+1,+1,0,+1,+1,+1,+1
1455,198,e52.png,Unreadable,+1,-2,+2,-2,0,-2,+1,-1,-2,-2,-2,-2
1744,882,e52.png,Readable,+2,+2,0,+2,+2,+1,+2,0,0,+1,+1,+1
2047,841,e52.png,Readable,+2,+2,0,+2,+2,0,+1,0,0,+1,+2,+2
2060,873,e52.png,Readable,+2,+2,+1,-1,+2,+2,+2,0,-1,0,+2,+2
2155,436,e52.png,Readable,-1,-1,-1,+2,+1,-1,+1,+2,-1,+1,+1,+2
61,298,e54.png,Readable,-1,-1,0,-1,0,-1,0,-1,0,+1,0,+1
158,489,e54.png,Unreadable,0,-1,0,-1,0,-2,-1,-1,-1,-1,0,0
686,792,e54.png,Readable,-1,-2,+1,-1,-1,+1,-1,+1,-1,-2,+1,+1
704,824,e54.png,Unreadable,-2,-2,-2,-2,-2,-2,-2,-2,-2,-2,-2,-2
721,852,e54.png,Readable,0,+1,0,+2,+2,0,+2,+1,+1,0,+2,+2
1191,383,e54.png,Unreadable,+1,+1,+2,-2,+2,0,0,+1,-2,-1,+2,+1
1239,490,e54.png,Readable,+1,+1,+1,+1,+1,+1,+1,0,+1,+1,+1,+1
1278,597,e54.png,Unreadable,-1,0,0,-1,-1,-2,-1,0,-2,-2,0,0
1288,623,e54.png,Readable,0,+2,0,+2,+2,+2,+2,0,0,0,+2,+2
1387,816,e54.png,Readable,0,-2,+2,-1,0,0,-1,-2,-2,-1,+1,+1
1680,731,e54.png,Future,+1,-1,+1,-2,+1,+1,-2,+1,-1,+1,+1,+1
1725,838,e54.png,Unreadable,-1,-2,+1,-1,0,-2,-2,+1,-1,0,-2,0
1961,665,e54.png,Unreadable,-1,-1,+1,-2,-2,-2,+1,+1,-2,-2,-2,-1
2081,912,e54.png,Unreadable,-1,-1,+2,+2,0,-1,-1,0,0,-2,-1,0
2161,464,e54.png,Unreadable,0,-1,+2,-1,0,-1,-2,-1,-2,0,+2,+2
2177,515,e54.png,Unreadable,0,-1,0,+2,-1,0,-2,-1,-1,-1,-1,0
4,176,e56.png,Unreadable,0,-1,-2,-1,-2,-2,-2,0,+2,-2,-2,-2
148,471,e56.png,Readable,0,-2,+1,-1,0,-2,-1,+1,0,-1,+1,0
421,229,e56.png,Readable,+2,+2,0,0,+2,0,0,+1,0,0,0,-1
487,383,e56.png,Unreadable,-1,-1,+2,-1,+1,-1,-1,+1,+1,-1,0,0
855,405,e56.png,Unreadable,-1,+2,+1,-1,+1,-2,-2,+1,+1,+1,+1,+1
1607,602,e56.png,Unreadable,0,+1,+2,-2,-2,-2,-1,+2,+1,0,+2,+2
1627,644,e56.png,Readable,+1,+1,+2,-1,+1,+1,+1,+1,+2,+1,+1,+2
1632,654,e56.png,Unreadable,-2,-2,+2,-1,+1,-1,-2,-1,-1,-1,+1,0
1676,726,e56.png,Unreadable,-1,0,+1,+2,0,-1,0,0,0,+1,0,0
1984,707,e56.png,Unreadable,-2,-2,+2,-2,-2,-2,-2,0,0,0,0,-1
2035,818,e56.png,Unreadable,-1,-1,+1,+2,+1,-2,0,+1,0,-1,+1,+1
2080,909,e56.png,Unreadable,-1,-1,+1,0,0,-1,0,-1,-1,+1,0,0
2232,703,e56.png,Readable,-1,0,+1,+1,+1,+1,-1,+1,+1,-1,+2,+2
2288,885,e56.png,Unreadable,-2,-1,+2,-2,0,-2,-2,-2,-2,0,0,0
2326,352,e56.png,Readable,+1,0,+1,+1,+2,0,0,+1,+1,+1,0,+1
94,365,e57.png,Unreadable,-2,-2,+2,-1,-1,-2,-1,-1,0,-2,-2,-2
202,597,e57.png,Unreadable,-1,0,+1,-1,-2,-1,0,+1,-2,-2,-2,+1
247,670,e57.png,Unreadable,-2,-2,+1,-2,-1,-2,-1,+1,-1,-2,-1,0
662,734,e57.png,Unreadable,-1,0,+1,-2,0,-1,-1,+1,0,-1,-2,0
694,808,e57.png,Unreadable,+1,-2,+1,-1,+1,-1,-1,-1,-2,-1,-1,-2
699,817,e57.png,Unreadable,0,-2,+2,-2,+1,-2,0,-2,-2,-2,-2,0
1018,746,e57.png,Unreadable,0,0,+1,-1,0,-1,-1,-1,-1,-1,-1,-1
1020,750,e57.png,Unreadable,0,-1,+2,-2,-1,-1,-1,+1,-1,-1,-2,+1
1040,798,e57.png,Unreadable,+1,-2,+2,-2,+2,-1,+1,+2,+1,-2,-2,+1
1235,483,e57.png,Readable,-2,-2,-2,-2,-2,-2,0,-2,-2,-2,+1,+2
1377,795,e57.png,Unreadable,-1,+1,-2,-2,+1,0,-1,+2,-1,0,-2,-2
1786,218,e57.png,Unreadable,+1,-2,0,-2,-2,0,0,0,0,0,-2,-2
2144,395,e57.png,Unreadable,-1,-1,+1,-2,-1,-1,+1,+1,-2,-2,-2,0
2311,234,e57.png,Unreadable,-2,-2,+2,-2,-2,-2,-2,-1,0,0,-2,0
2377,777,e57.png,Unreadable,0,-2,0,-2,-2,-2,-2,-1,0,-1,-2,0
28,220,e58.png,Unreadable,+2,+1,+2,-1,0,+2,+1,-2,-2,-2,-1,-2
110,393,e58.png,Readable,-2,-1,-1,-2,+2,-2,+2,-1,+2,0,-2,-1
188,558,e58.png,Readable,0,+2,+1,0,+1,+1,+1,-1,-2,-1,+1,+1
196,582,e58.png,Readable,+1,+1,-1,0,-1,-2,-2,+1,+2,+2,+1,+2
488,387,e58.png,Readable,+2,+2,0,+2,+1,+1,+2,+2,+1,0,+1,0
642,706,e58.png,Readable,+1,+1,+1,0,+1,0,+1,+1,-1,+1,+1,-1
1166,325,e58.png,Unreadable,+2,+2,+1,0,0,+2,+2,+2,0,+1,+2,+1
1207,417,e58.png,Readable,+1,+2,+1,+1,+2,+1,+2,+2,+1,0,+1,+2
1352,727,e58.png,Readable,+1,+1,0,+1,0,-1,0,-1,0,0,0,0
1434,908,e58.png,Unreadable,+2,+2,+1,-2,-2,-2,+1,+1,0,+1,+1,0
1435,909,e58.png,Readable,+1,+1,0,0,0,0,+1,+1,-1,+1,0,0
1465,223,e58.png,Readable,+1,+1,0,+1,+1,+1,+1,+1,+1,+1,+1,+1
1466,224,e58.png,Unreadable,-2,-2,+2,+2,-2,-2,-2,+2,-2,-2,-2,-2
1580,522,e58.png,Readable,+1,+1,+1,-1,+1,+1,0,+1,0,0,+1,+1
1616,625,e58.png,Readable,+2,+2,0,+1,+2,+1,0,-2,-1,-1,+1,+1
1750,895,e58.png,Readable,+2,+2,+1,+1,+2,+2,+2,+1,-1,-1,+2,+2
1903,521,e58.png,Readable,+1,+1,0,+1,0,+1,+1,-1,+1,+1,0,+2
1926,588,e58.png,Readable,0,-1,+2,-2,+2,0,+1,-1,+1,-2,+1,+1
2135,365,e58.png,Readable,+2,+2,-1,+2,+1,+1,+2,+2,0,+1,+1,+2
2226,685,e58.png,Readable,0,-1,+2,-1,+2,+2,0,-2,+2,+2,+2,0
2321,299,e58.png,Unreadable,+1,+2,+1,+2,-1,+1,+2,-1,-1,+1,-2,+2
2380,799,e58.png,Unreadable,+1,+1,+2,-1,0,-1,+1,-1,0,-1,+1,0
2410,266,e58.png,Readable,+2,+2,0,+2,+2,+2,+2,-2,0,+1,+1,+1
2465,424,e58.png,Unreadable,+1,+1,+1,-1,0,0,0,0,-1,-1,-2,0
127,428,e59.png,Unreadable,-1,+1,+1,-2,-1,-1,-1,+1,+1,+1,+1,+1
182,540,e59.png,Readable,-1,-2,+2,-2,0,-1,0,+2,-2,0,-1,+2
348,850,e59.png,Readable,+1,+2,-2,+2,+1,0,+1,+2,+2,+2,+2,+2
378,901,e59.png,Readable,0,0,0,-1,-1,-1,-1,0,-1,-1,-1,+1
426,243,e59.png,Readable,-1,+1,0,0,+1,-1,+1,+1,-1,0,0,+1
554,523,e59.png,Readable,-1,+1,-2,-2,-1,0,0,0,+2,-2,+2,0
677,777,e59.png,Readable,+1,+1,+2,+2,+1,+2,+1,+2,+1,+1,+1,+1
771,198,e59.png,Readable,0,0,+1,+1,+2,-1,+2,+2,-2,-2,-1,-1
907,521,e59.png,Readable,0,+2,0,-1,0,-1,-1,+1,+1,0,-1,+2
1001,717,e59.png,Readable,0,0,0,0,0,0,0,0,0,0,0,0
1381,802,e59.png,Readable,0,+1,0,+1,+1,+1,+1,+1,0,+1,+1,+1
1619,632,e59.png,Readable,0,-2,+1,0,0,-1,0,+2,0,-2,0,0
1708,807,e59.png,Readable,-1,-1,0,+1,+2,+2,0,+1,-1,-2,0,+2
1947,639,e59.png,Readable,-1,-1,+2,-2,+1,-1,-1,+2,-1,-1,+1,-1
2091,179,e59.png,Readable,0,0,-1,0,0,0,-2,0,0,+1,+2,-1
2134,364,e59.png,Readable,+2,+2,0,+2,+2,+2,+2,+2,+1,+2,+2,+2
2426,512,e59.png,Readable,+2,+2,0,+2,+1,+2,0,+1,+1,+2,+1,+1
64,302,e6.png,Unreadable,+1,-2,+2,-2,-2,-2,0,+2,-2,-2,+2,+1
113,400,e6.png,Unreadable,-2,-1,+1,+2,+1,-1,-1,+1,-1,-1,+1,-1
191,570,e6.png,Readable,-1,+2,+1,+2,+2,-1,0,+1,0,-1,+1,0
267,705,e6.png,Readable,-2,-1,+1,-1,0,-2,-2,+2,-2,-2,-2,0
478,366,e6.png,Readable,+1,0,0,+1,+1,0,-1,+2,-1,+1,+1,0
896,500,e6.png,Readable,+2,+2,0,+2,+2,+1,+1,+1,+1,+1,+1,+1
903,513,e6.png,Readable,0,0,0,0,0,-1,0,+1,0,0,0,0
1007,724,e6.png,Unreadable,+1,+1,+2,-1,-2,-2,-1,+2,-2,-2,-2,-2
1146,258,e6.png,Readable,-1,+1,0,+2,+1,+2,+1,+1,-1,+2,+1,+2
1317,670,e6.png,Readable,0,+2,0,-1,-1,+1,+1,+2,+2,+2,+2,0
1362,755,e6.png,Readable,+1,+1,+2,+1,+1,+1,+1,+1,+1,+1,+1,-1
1475,253,e6.png,Readable,+1,+1,+2,+1,+1,+1,0,+1,+1,0,0,+1
1501,335,e6.png,Readable,0,+1,-1,0,+1,+1,+1,+2,-1,0,-1,0
2019,782,e6.png,Readable,0,-2,+1,-1,+1,0,-1,+1,0,+1,-1,+1
2082,913,e6.png,Unreadable,0,+2,-2,+2,+1,+2,-1,+2,-2,+1,+1,+1
2137,370,e6.png,Readable,+1,+2,0,+2,+2,+1,+1,+2,+1,+2,+1,0
2185,540,e6.png,Readable,+2,+2,+2,+2,+2,0,0,+2,-2,-1,0,+2
2203,625,e6.png,Readable,+1,+2,+1,0,+1,+1,0,+2,-1,0,+1,+1
2241,723,e6.png,Readable,0,+1,0,+1,0,0,0,0,0,+1,0,0
2254,778,e6.png,Readable,-1,+1,+2,-1,0,+1,+1,+2,+2,-2,+1,+2
2282,858,e6.png,Readable,-1,0,0,0,0,0,0,0,0,0,0,0
2304,188,e6.png,Readable,-1,-1,+2,+1,+1,-2,-1,+2,-1,+1,+1,+1
2310,224,e6.png,Unreadable,-2,-2,+2,-2,-2,-2,-2,+1,-2,-2,-2,-1
2314,247,e6.png,Readable,+1,+2,-1,+2,-2,-1,+2,+1,+2,+1,+2,+2
59,293,e60.png,Unreadable,+1,+1,0,+1,+1,-2,-1,+2,-2,-1,+1,+1
68,316,e60.png,Readable,0,-2,0,-1,+1,+2,+1,+2,-2,+2,+2,+2
482,375,e60.png,Readable,+2,0,+2,-2,+2,+2,0,+2,-2,0,0,0
519,450,e60.png,Unreadable,0,-1,+1,-1,-2,-2,-2,-1,-2,-2,-1,-1
548,513,e60.png,Unreadable,-1,-1,+1,-1,-1,-2,-2,-2,-2,-1,0,0
749,907,e60.png,Unreadable,0,-1,+1,-1,0,-2,-2,0,-2,-2,-2,0
767,187,e60.png,Unreadable,-2,-2,+2,-2,-2,-2,-2,-2,-2,-2,-2,-2
869,431,e60.png,Unreadable,+1,-1,0,+1,0,-1,0,+1,0,+1,0,0
927,578,e60.png,Readable,+2,+2,0,+2,+2,+2,+2,-1,0,+1,+2,+2
1151,269,e60.png,Readable,+2,+1,0,+2,+2,+2,+2,+1,-2,+1,+1,+1
1180,360,e60.png,Unreadable,-1,-2,+2,+1,0,-1,+1,0,-2,+1,0,0
1294,633,e60.png,Readable,+1,+1,0,0,+1,+1,0,+1,+1,0,0,+1
1304,650,e60.png,Readable,+1,+1,0,+2,+1,+1,+2,+1,+1,+2,+1,+1
1570,505,e60.png,Unreadable,-1,-1,+1,-1,-1,-1,-1,-2,-1,-1,+1,+1
1678,728,e60.png,Unreadable,-1,-2,+1,-1,-2,-2,0,-2,-2,+1,0,-1
1756,906,e60.png,Unreadable,+1,-1,+2,-1,0,-1,-1,-1,0,-1,0,-1
1941,629,e60.png,Unreadable,-1,-1,+2,-2,0,0,-1,0,-2,-1,0,+2
2236,712,e60.png,Readable,0,+1,-1,+1,+1,+1,+1,+1,0,+1,-1,0
2418,424,e60.png,Unreadable,0,0,+1,0,0,-1,-2,-2,-1,-1,-2,0
2452,908,e60.png,Unreadable,+1,0,+1,0,0,-2,+1,+1,-2,+1,0,-1
52,267,e63.png,Readable,-1,-2,+1,-1,+1,+1,0,+1,+2,+1,+2,+2
582,602,e63.png,Unreadable,+2,0,+2,-2,-1,-2,+1,+2,+1,-2,-1,+1
600,636,e63.png,Readable,+2,+2,+1,+2,+2,+2,+1,+2,+2,+1,+2,+1
621,668,e63.png,Unreadable,-1,-1,+1,-1,0,0,+1,0,0,0,0,0
714,841,e63.png,Unreadable,+1,+1,+1,-1,+2,-1,+1,+1,+1,0,+1,+1
1035,784,e63.png,Unreadable,+2,+2,+2,-2,+1,+1,+1,-1,+1,-1,0,+1
1041,799,e63.png,Unreadable,0,0,+2,-1,+1,0,0,-1,+1,-1,0,0
1201,405,e63.png,Unreadable,+2,+1,+2,+1,+1,-2,-1,+1,+1,0,+1,+2
1206,416,e63.png,Unreadable,0,0,0,+1,+2,+1,-1,0,+1,+2,+2,+2
1248,515,e63.png,Unreadable,+1,+2,+1,0,+1,-1,0,+2,+1,-1,0,+2
1356,734,e63.png,Readable,+1,-1,+1,-1,+1,+1,-1,+1,+2,-1,+2,0
1469,234,e63.png,Readable,+2,+2,0,+2,+1,-1,+1,0,+2,+2,0,+1
1578,520,e63.png,Unreadable,0,+1,+2,-1,0,+2,+2,+2,+1,-1,+1,+1
1594,567,e63.png,Readable,+1,+1,0,+1,+1,-1,-1,-1,-1,-1,+1,+1
1743,881,e63.png,Unreadable,0,0,+2,-1,-1,0,-1,+1,0,-2,+1,0
1781,205,e63.png,Unreadable,+2,0,+2,+2,-1,-2,-2,+1,-2,-2,+2,0
2160,461,e63.png,Readable,+1,+1,+1,0,0,-1,-1,+1,-2,-1,0,+1
2266,812,e63.png,Readable,+1,0,0,0,+1,0,+1,+1,0,0,0,0
455,317,e64.png,Unreadable,-1,-2,+2,-1,0,-2,-2,+2,0,0,+2,+2
489,388,e64.png,Readable,-2,0,+1,-1,0,-2,-1,+1,+2,0,+1,+2
575,584,e64.png,Readable,+2,+2,+2,+2,+2,-2,+2,-1,+2,+2,+2,+2
585,612,e64.png,Readable,0,+1,0,+1,+1,+1,0,-1,0,0,0,+1
773,205,e64.png,Readable,-2,-1,+2,-2,-1,-2,-2,+2,0,-2,+2,+2
825,339,e64.png,Readable,-2,-1,+2,-1,+1,-2,-2,+1,-1,0,+1,0
862,419,e64.png,Unreadable,-2,-1,+2,-2,+1,-2,-1,-1,-1,0,+1,+1
948,629,e64.png,Readable,0,+2,0,0,+1,0,0,+2,-2,+1,+1,+2
1156,287,e64.png,Unreadable,0,+1,+1,0,+1,-1,+1,-1,-1,0,+1,+1
1367,773,e64.png,Readable,+2,+2,+1,+2,+2,+1,+1,+1,0,+2,+2,+2
1431,904,e64.png,Unreadable,-1,-1,+2,-2,+1,0,-2,+1,0,-2,0,0
1449,184,e64.png,Unreadable,+2,0,+2,-2,-1,-2,+2,+1,-2,-2,-2,-1
1765,166,e64.png,Readable,-1,+1,0,-2,+1,0,0,+1,0,+1,+1,+1
1898,512,e64.png,Readable,0,0,+1,+2,+2,-1,-1,+2,+1,+2,+1,+1
1924,582,e64.png,Unreadable,-2,-2,+2,-1,-2,-2,+1,+1,+2,0,+1,0
2211,641,e64.png,Unreadable,+1,-2,+2,-2,+2,-1,-2,+2,+1,+1,+2,+2
2454,213,e64.png,Unreadable,-1,-1,+2,-2,0,-1,-1,-1,-2,-1,+2,+2
330,819,e7.png,Readable,+1,+1,0,+1,+1,-1,+1,+1,-1,+1,0,0
351,853,e7.png,Readable,0,0,0,0,-1,-1,-1,-1,0,-1,-1,-1
358,869,e7.png,Readable,+1,+1,+2,+1,+2,+1,0,+1,+1,+2,0,0
539,490,e7.png,Readable,0,0,0,0,0,0,0,0,0,0,0,+1
802,265,e7.png,Readable,0,0,+1,0,0,0,+1,0,0,0,0,0
885,469,e7.png,Readable,+1,+2,0,+2,+1,+2,+1,+1,0,+1,-1,0
985,688,e7.png,Readable,0,0,0,+1,+1,+1,+1,0,+1,+1,+1,+1
998,712,e7.png,Readable,+2,+2,-1,+2,+2,+2,+2,+2,0,+1,+1,+1
1132,227,e7.png,Readable,0,+1,0,0,+1,+1,0,+2,0,0,+1,0
1165,319,e7.png,Readable,+1,+2,+1,+2,+2,+2,+2,+2,+2,+2,+2,+2
1177,352,e7.png,Readable,+2,+2,0,+1,+2,+1,+2,+2,+2,+1,+2,+1
1255,525,e7.png,Readable,+1,0,0,+1,0,+1,0,0,0,0,0,0
1617,628,e7.png,Readable,+1,+1,0,+1,0,0,0,-1,0,+1,+1,+1
1723,836,e7.png,Readable,+1,+1,0,+1,+1,+1,+1,+1,0,0,+1,+1
1873,443,e7.png,Readable,+1,+1,0,+1,+1,+1,+1,+1,+1,+1,+1,+1
1963,668,e7.png,Readable,0,0,0,0,0,0,0,0,0,0,0,+1
1974,686,e7.png,Readable,-1,+1,+2,-1,+1,+2,+2,+1,+1,+1,+1,+1
2199,612,e7.png,Readable,+1,+1,0,+1,+1,+1,+1,+1,+1,+1,+1,+1
2274,838,e7.png,Readable,+1,+1,0,+1,+2,+2,0,-1,0,+1,+1,+1
2285,875,e7.png,Readable,+2,+2,0,+2,+2,+2,+1,+2,-2,+2,+2,+2
2365,689,e7.png,Readable,+2,+1,0,+2,+2,+1,+1,+2,+2,+1,+2,+2
2424,485,e7.png,Readable,+2,+2,0,+2,+2,0,+2,+2,0,+2,+2,+2
38,240,e8.png,Readable,0,-1,-1,0,-1,-1,+1,+1,-1,-1,-1,+1
70,318,e8.png,Unreadable,-1,-1,+2,-2,-2,-2,-2,-2,-2,-2,-2,0
143,465,e8.png,Readable,0,-1,0,0,+1,+1,-1,-2,-1,-1,-2,-2
318,798,e8.png,Unreadable,+1,-1,+1,-2,+1,0,0,0,-1,0,0,+1
463,338,e8.png,Unreadable,+2,-2,0,+1,-1,-2,+2,+1,-1,-2,-2,0
586,616,e8.png,Unreadable,0,0,+2,-2,-1,-2,+2,-2,-2,-2,-2,0
639,703,e8.png,Unreadable,+2,-2,+1,+1,-1,+1,+2,+2,-2,-2,-2,-1
904,515,e8.png,Readable,+2,+2,-2,+2,0,0,+2,+2,0,+2,+2,+2
919,555,e8.png,Unreadable,+1,0,+2,-2,0,-2,+2,+2,0,-1,-2,0
1012,729,e8.png,Readable,+2,+2,+2,+1,+1,+1,+2,+2,-2,-2,-2,0
1032,781,e8.png,Unreadable,+2,-2,+2,-2,-2,0,0,0,-2,-2,-2,0
1080,879,e8.png,Readable,+1,0,0,0,0,0,0,0,0,0,0,0
1149,265,e8.png,Readable,0,0,+1,-2,0,0,+2,0,0,-1,0,0
1286,621,e8.png,Unreadable,+1,-1,-1,+1,-2,-2,+1,-1,+2,+2,-2,+1
1637,661,e8.png,Readable,+1,+1,+1,+1,+1,+1,+1,+1,+1,+1,+1,+1
1662,707,e8.png,Unreadable,-1,-2,+2,-2,-2,-2,0,0,0,0,0,0
1724,837,e8.png,Readable,0,0,0,0,0,0,0,-1,-1,0,-1,0
1804,262,e8.png,Unreadable,+1,+2,-1,-1,+1,-1,+1,+1,-1,-2,-1,-1
1850,391,e8.png,Unreadable,0,0,0,0,0,0,0,0,0,0,0,0
1998,726,e8.png,Unreadable,+1,-1,+1,-1,-2,0,+2,+2,0,0,0,0
2130,344,e8.png,Readable,+2,+2,-1,+2,+1,+2,+2,+2,+2,0,0,+1
2223,676,e8.png,Readable,+1,0,0,0,-1,0,0,0,-1,-1,0,-1
2259,796,e8.png,Unreadable,+1,+2,0,-1,-1,-1,+1,0,+2,-1,-1,0
2298,909,e8.png,Unreadable,+1,+1,+1,0,0,-1,0,0,0,-1,0,0
2299,912,e8.png,Unreadable,0,+1,-1,0,-1,0,0,+1,-1,-1,-1,0
2327,369,e8.png,Readable,+2,+2,-2,+2,+2,+2,+2,+2,0,+2,+1,+1
2337,461,e8.png,Unreadable,-1,-2,+2,-2,-2,-2,0,-2,-1,-2,-2,-1
2449,872,e8.png,Unreadable,+1,0,+1,-1,+1,-1,0,-2,-2,-2,-1,-1
144,467,e9.png,Readable,0,0,0,0,0,0,0,0,-2,0,-1,-1
164,505,e9.png,Unreadable,-1,+1,-1,+1,-1,+1,-1,+1,+1,+1,+1,+1
387,915,e9.png,Readable,+2,-1,0,0,-1,+1,+1,+2,+1,+1,+1,+2
424,239,e9.png,Readable,0,0,+2,-2,0,0,0,+1,0,-1,-1,+1
447,298,e9.png,Unreadable,-1,-1,0,0,0,0,-1,-1,0,0,-2,-1
680,780,e9.png,Unreadable,-2,0,+1,-1,+2,-2,-2,-2,0,0,-2,0
703,823,e9.png,Readable,+1,+1,+1,+1,+1,+1,+1,+1,+1,+1,+1,+1
768,188,e9.png,Unreadable,+1,-2,+2,-2,-1,-1,-1,-1,-1,-1,-2,+1
1005,722,e9.png,Unreadable,+1,+1,+1,-1,+1,+1,-1,-2,+1,-1,+1,+1
1187,375,e9.png,Readable,+2,+2,+1,+2,+2,+2,+2,+1,+2,+2,0,0
1374,783,e9.png,Readable,0,+1,0,+1,+1,+2,+1,+1,+1,+1,+1,+2
1543,426,e9.png,Readable,+1,+1,-1,-1,+1,+1,+1,+1,+1,+1,+1,+1
1764,926,e9.png,Readable,+1,-1,0,+2,+2,+2,+1,0,0,+1,-1,+1
1780,203,e9.png,Readable,+1,+1,+1,+1,+1,+1,+1,0,0,0,0,0
1783,210,e9.png,Readable,+2,+2,-2,+2,+2,+2,+2,+2,+2,+2,+2,+2
1833,356,e9.png,Readable,-2,-1,+1,+1,+1,-2,-1,-2,-1,+1,+1,+1
2007,754,e9.png,Unreadable,-2,-2,+1,0,0,-2,0,-2,-2,0,-2,0
102,379,i10.png,Readable,-2,-2,-2,+2,-1,+1,-1,-1,+1,-1,-2,+1
150,476,i10.png,Unreadable,-2,+1,+2,+2,0,+2,-1,+1,-2,-1,+1,0
215,625,i10.png,Unreadable,+2,+2,+2,-2,+1,-2,-1,+1,-2,-2,+1,0
240,661,i10.png,Readable,+1,+1,+1,+1,+1,+1,+1,+1,+1,+1,+1,+1
286,729,i10.png,Readable,0,+1,+1,+1,-1,-1,+1,+1,-2,-1,+1,+1
479,369,i10.png,Readable,+1,0,0,+1,0,0,0,+1,0,0,-1,0
491,391,i10.png,Unreadable,-2,-2,+2,-2,-1,0,0,0,0,0,0,0
638,697,i10.png,Unreadable,0,0,0,0,0,0,0,0,0,0,0,0
717,846,i10.png,Readable,-2,-1,-1,+2,-1,-1,-1,0,-2,-1,-1,+1
732,879,i10.png,Readable,0,0,0,0,0,0,0,0,0,0,0,0
779,217,i10.png,Unreadable,-2,-1,+2,-2,-1,+1,-2,0,-2,-2,+2,-1
809,287,i10.png,Unreadable,-1,+1,+2,-2,0,-1,+2,+2,-1,-2,+1,+1
834,361,i10.png,Unreadable,-2,-1,+2,-2,-1,-2,+1,0,-1,-2,+1,+1
1063,841,i10.png,Unreadable,+1,-1,+2,-2,+2,-2,+1,-2,-2,-2,+1,0
1453,194,i10.png,Readable,+1,+1,+1,+1,+1,+1,+1,-1,+1,+1,+1,+1
1573,511,i10.png,Readable,-1,-1,+2,-2,0,-2,-1,0,0,-2,0,+1
1639,665,i10.png,Unreadable,-2,-1,+1,-2,-2,-1,-2,+1,+1,-1,-2,-2
1769,177,i10.png,Readable,0,+1,+2,-2,+1,-1,+2,+2,-2,-2,0,+1
1862,417,i10.png,Readable,+2,+2,+1,+1,+2,+1,+2,+2,+2,+2,+1,+1
1894,505,i10.png,Unreadable,-2,-2,+2,-2,-1,-2,-2,-2,-2,-2,+1,+1
2037,822,i10.png,Unreadable,0,-1,+1,-1,0,-1,0,0,0,-1,0,-1
2162,467,i10.png,Readable,0,0,0,0,0,-1,-1,-1,-1,-2,-1,0
2214,650,i10.png,Unreadable,-2,-2,+2,-2,-2,-2,-2,-2,-2,-2,-2,0
2324,336,i10.png,Readable,0,+1,+1,-1,+1,-1,-1,-1,0,0,0,-1
2403,213,i10.png,Unreadable,-2,-1,+2,-1,+2,-1,-1,+2,-1,-2,+2,+2
2433,641,i10.png,Readable,-1,+1,+1,+2,+2,-1,+1,+2,-1,+2,0,+2
2442,810,i10.png,Unreadable,-2,-2,+2,-2,+1,-2,-2,-2,-2,-2,-2,-1
75,332,i11.png,Unreadable,+1,0,+1,-1,+2,0,0,+1,0,-1,+1,+1
176,523,i11.png,Readable,0,-1,0,+2,+1,0,0,+2,+2,0,+2,0
220,632,i11.png,Readable,-1,0,+1,-2,0,-1,0,+1,-2,0,+2,0
251,675,i11.png,Unreadable,-2,-2,+2,-2,+2,-2,-2,+2,-2,-2,-2,-2
343,841,i11.png,Unreadable,+2,+1,+2,-2,+2,0,-1,+1,-2,0,+1,0
376,899,i11.png,Readable,+2,+1,0,+1,+1,+1,0,+1,0,+2,+2,+1
538,489,i11.png,Readable,0,0,0,+1,+1,-1,-1,-1,-1,0,0,+1
786,228,i11.png,Readable,+2,+1,+1,-1,+1,+1,+1,+1,-2,-2,+1,+1
882,465,i11.png,Readable,+1,0,0,+1,+1,+1,0,0,+1,+2,+2,+1
1026,772,i11.png,Unreadable,-1,0,+2,-2,0,-2,-1,+2,-2,-2,0,0
1086,892,i11.png,Readable,+2,-1,+1,-1,+1,+1,-1,+2,0,0,+1,0
1289,625,i11.png,Unreadable,+2,+2,+2,-2,+2,-1,+2,+2,-2,-2,+2,+1
1445,177,i11.png,Readable,+1,+2,+2,-2,+1,-1,+2,+2,-2,-2,0,+1
1490,299,i11.png,Unreadable,+2,+1,+2,-2,-1,-1,-1,+2,-2,0,-2,-1
1492,305,i11.png,Readable,0,0,0,0,0,0,0,0,0,0,0,0
1509,356,i11.png,Readable,0,-1,+1,0,0,-1,-1,0,-1,-1,+1,+1
1513,364,i11.png,Readable,+2,+2,0,+2,+2,+2,+2,+2,-1,+2,+2,+2
2112,262,i11.png,Readable,+1,+1,+1,-1,0,-1,0,+1,-2,-2,+1,0
2125,325,i11.png,Unreadable,+1,+1,+2,-1,-1,0,0,+2,-1,-2,0,+1
2252,773,i11.png,Readable,+1,+2,+2,+1,+1,+2,0,0,+2,+2,+2,+2
2279,847,i11.png,Readable,+2,-1,+2,+2,+2,-2,-2,+2,-2,0,+2,+2
2283,859,i11.png,Readable,+2,+1,+1,-1,+2,0,0,+1,0,-2,0,+2
2389,843,i11.png,Readable,+2,-1,+2,-1,-1,-1,+1,+2,-2,-2,+2,+2
160,498,i12.png,Readable,0,+1,0,+1,0,-1,0,0,0,+2,+1,0
436,262,i12.png,Readable,+1,+1,+1,+1,0,+2,+1,+1,0,+2,+1,0
787,229,i12.png,Readable,+2,+2,0,+2,+2,+2,+1,+1,+2,+2,+2,+2
811,299,i12.png,Readable,-1,0,+1,-1,+1,+2,-1,-1,-1,-1,-1,+1
836,364,i12.png,Unreadable,+2,-2,+2,-2,+1,+2,+2,+2,-2,-1,+2,+2
874,440,i12.png,Readable,0,-1,0,-1,+1,+2,+1,-2,+1,+2,+1,+1
957,644,i12.png,Readable,+2,-1,+1,+2,+1,+1,+1,+1,+2,+1,+1,+1
1006,723,i12.png,Readable,0,+1,0,0,0,-1,+1,0,0,-2,0,0
1267,567,i12.png,Readable,+1,+1,+1,+1,+1,+1,0,+1,-1,-1,+1,+1
1318,672,i12.png,Readable,+2,+2,0,+2,+2,+2,+2,+2,+1,+2,+2,+2
1376,790,i12.png,Readable,0,+1,0,0,0,+1,+1,+2,-2,+1,0,+2
1385,810,i12.png,Readable,+2,+2,0,-2,+2,+2,+2,+2,-2,+1,+2,+1
1450,186,i12.png,Readable,+1,+1,0,+2,+1,+2,+2,+1,-1,+2,+1,+1
1511,360,i12.png,Readable,0,-1,+1,+1,+2,-1,-2,+1,0,+2,+1,0
1555,464,i12.png,Readable,+2,+2,0,+2,+2,+1,-1,+1,-1,+1,+2,+1
1790,224,i12.png,Unreadable,-2,-2,+2,+1,-2,-2,-2,-1,-2,-2,-2,0
1836,361,i12.png,Readable,0,+1,0,-2,0,+1,-1,0,0,+2,+1,+1
1854,400,i12.png,Readable,+2,+2,-1,+2,+2,+2,+1,+2,-1,+1,-1,+2
2013,773,i12.png,Readable,0,+1,+2,+2,+1,+1,0,+2,+1,+2,+2,+2
2083,915,i12.png,Readable,+1,+1,0,+1,0,+2,+2,+2,+1,+1,+1,+1
2159,460,i12.png,Readable,0,0,0,+1,+1,-1,-2,-1,0,+1,-1,0
2174,508,i12.png,Readable,+1,+2,0,+2,+2,+2,+1,+2,0,+1,+2,+2
2391,850,i12.png,Readable,0,-2,-1,+2,+2,+1,-1,+1,+1,0,0,+2
21,210,i13.png,Readable,+2,+2,-2,+2,+2,+2,+2,+2,+2,+2,+2,+2
88,356,i13.png,Readable,0,+1,0,+2,+2,-1,0,+1,-1,-1,+2,+1
173,520,i13.png,Readable,0,+1,0,-1,+1,+1,+1,+2,-2,0,+1,+1
181,536,i13.png,Readable,+1,0,+1,+1,+1,0,+1,0,+1,0,-1,0
453,309,i13.png,Readable,+2,+2,-2,+2,0,0,+2,+2,0,+2,+2,+2
529,470,i13.png,Unreadable,+2,+2,+2,+2,-2,+2,0,-2,-2,-2,+1,0
534,483,i13.png,Readable,0,+2,+1,+2,+1,+1,+2,+2,+1,0,+1,+2
746,903,i13.png,Readable,+2,+2,0,+1,+2,0,0,+2,+2,+1,+2,+2
1245,511,i13.png,Readable,+2,+2,+1,0,0,0,+1,+1,0,0,+1,+1
1337,707,i13.png,Readable,+2,+2,0,+2,0,0,+2,+2,0,+1,+2,+2
1521,382,i13.png,Readable,+1,+1,+1,+1,+1,+1,+1,+1,-1,+1,+1,+1
1620,633,i13.png,Readable,+1,+1,+1,+1,+1,0,+1,0,-1,0,+1,+1
1625,640,i13.png,Readable,+2,+2,+1,+2,+2,+2,+2,+2,+1,+2,+1,+2
1827,338,i13.png,Readable,+1,-1,+2,-2,+1,-2,+1,0,+1,-2,0,0
1874,450,i13.png,Readable,+1,+1,0,+1,-1,+1,+1,0,+1,+1,+1,0
1900,515,i13.png,Unreadable,+2,0,+1,-1,+1,+1,+1,-1,+2,0,+1,+2
1912,545,i13.png,Readable,+1,0,+1,-2,-2,-1,+1,+1,-1,-2,+1,0
2030,808,i13.png,Readable,+2,+2,0,+2,+2,+1,+2,+1,0,+2,+2,+2
2152,424,i13.png,Readable,+1,+1,+1,-1,+1,0,0,+1,-1,0,-2,0
2307,213,i13.png,Readable,+2,+2,0,+2,+2,+1,+2,+2,+2,+1,+2,+2
2439,734,i13.png,Readable,+1,+1,0,+1,+1,-1,+1,+1,+1,-2,+1,0
39,243,i14.png,Readable,+1,-1,+1,-1,+1,-1,-1,+1,-2,-2,-1,+1
190,567,i14.png,Readable,-1,0,+1,+1,+1,-1,-1,+1,+1,-1,-1,+1
265,703,i14.png,Readable,0,-1,+1,0,+1,0,+1,+2,-2,+1,+2,+1
281,724,i14.png,Readable,+1,+2,0,-1,+2,-2,-1,+2,-2,+1,-2,+1
372,892,i14.png,Readable,+2,+2,0,+1,+2,+2,0,+2,0,-1,+2,0
614,659,i14.png,Readable,+1,0,+1,+1,0,+1,+2,+2,+1,+1,+2,+2
690,799,i14.png,Readable,+1,0,+1,0,+2,-1,0,+2,+2,+2,0,+1
720,851,i14.png,Readable,+2,+2,0,+1,+2,+1,0,+2,-1,+1,0,+1
920,556,i14.png,Readable,+1,-1,+1,+1,-1,-1,-1,-1,-1,-1,-1,-1
972,666,i14.png,Unreadable,-1,-2,+2,+1,+1,-2,-2,+2,-2,0,+2,0
1033,782,i14.png,Readable,0,+1,+1,-1,+1,+1,0,+1,0,0,+1,+1
1265,558,i14.png,Readable,0,+1,+1,-1,+1,-1,0,+1,0,0,+1,+1
1390,819,i14.png,Unreadable,0,+1,+1,-2,-2,-2,-1,+1,-1,-2,-2,-1
1572,510,i14.png,Readable,+2,+2,0,+2,+2,+2,+2,+2,0,+1,+2,+2
1649,680,i14.png,Readable,+1,0,0,+1,+1,0,+1,+1,+1,+1,0,0
1757,907,i14.png,Readable,+1,0,+1,+1,+1,0,0,+2,-2,0,0,0
1812,287,i14.png,Readable,+2,+2,0,+2,+2,+2,+2,+2,0,+2,+2,+2
2006,749,i14.png,Readable,+1,-1,0,+1,+1,+1,0,+1,+1,+1,+1,+1
134,440,i19.png,Unreadable,+1,0,+2,-1,-1,0,-2,+2,-1,-2,+1,0
245,668,i19.png,Readable,0,-1,0,0,0,0,-1,0,0,0,0,+1
275,717,i19.png,Unreadable,0,0,+2,+1,-2,-2,-2,+2,-2,-1,+2,+1
294,746,i19.png,Unreadable,0,-2,-1,-1,+1,-2,-1,+1,0,-1,-1,-1
477,365,i19.png,Readable,+1,+1,+1,+2,+2,+2,+2,+2,0,+1,+2,+1
860,416,i19.png,Unreadable,0,0,+1,-1,+2,0,-1,0,-2,-2,+2,+2
935,601,i19.png,Unreadable,+2,-1,+2,-2,+2,-2,-1,+2,-2,-2,0,+2
963,655,i19.png,Unreadable,+1,-2,+2,-2,+2,-2,-2,+2,-2,-1,+1,0
989,696,i19.png,Unreadable,-1,-1,-1,-1,0,-1,-1,0,0,0,0,0
1432,906,i19.png,Readable,-1,+1,0,+1,+1,0,+1,0,0,-1,+1,0
1579,521,i19.png,Readable,0,+1,+1,-1,0,0,-1,+1,0,0,0,+2
1696,780,i19.png,Readable,-2,+1,-2,+1,0,-2,-1,+2,-2,0,0,-1
1705,799,i19.png,Readable,+2,+2,0,+2,+2,+2,+1,+2,-1,0,+2,+2
1817,309,i19.png,Unreadable,-1,0,+2,-2,-2,-2,-2,-2,-2,-2,0,+2
1934,616,i19.png,Unreadable,0,-1,+2,-1,+1,-2,-1,+2,-2,-2,+2,-1
1962,666,i19.png,Unreadable,-2,-2,-2,+2,+1,-1,-2,+2,-2,+2,+1,0
2024,796,i19.png,Readable,0,-1,-1,+1,+2,0,0,+2,-1,-1,+1,0
2156,437,i19.png,Readable,+2,+2,+2,+2,+2,+1,+2,+1,-2,0,+1,+1
2170,485,i19.png,Readable,+2,+2,+1,+2,+2,-2,-1,0,-2,+2,+2,+2
2176,512,i19.png,Readable,+1,+2,0,+2,+2,+1,-1,+2,0,+2,+1,+1
2212,644,i19.png,Readable,-1,+1,+2,+1,+1,0,-1,+1,+2,+1,-1,+1
2456,243,i19.png,Readable,-1,+1,0,+1,+1,-1,0,+1,-1,0,-1,+1
411,213,i2.png,Unreadable,-2,-2,+2,-2,-1,-1,+1,-1,-2,-2,+2,+2
417,223,i2.png,Readable,-1,-1,+1,-1,+1,0,+1,-1,+1,-1,+1,+1
510,428,i2.png,Readable,+1,-1,+2,+1,-1,+1,+1,-1,-1,+1,+1,+1
553,522,i2.png,Unreadable,0,-2,+2,-2,+1,-1,0,-1,-2,-2,+1,0
635,694,i2.png,Readable,+1,-2,+1,-1,+1,+1,+1,+1,0,-1,+1,+1
846,387,i2.png,Readable,+2,+2,+1,+1,+1,+2,0,+1,+1,+2,+1,0
1068,850,i2.png,Readable,0,-1,0,0,+1,+1,+1,-1,-2,+1,+1,+1
1153,274,i2.png,Readable,+1,+1,+1,-1,+1,0,+1,+1,-1,0,+1,+2
1193,388,i2.png,Readable,+2,-1,0,+1,+1,+1,+1,+2,-1,+1,+1,+2
1471,240,i2.png,Unreadable,+1,0,+1,-1,+1,-1,+1,+1,-1,-1,+1,+1
1479,261,i2.png,Unreadable,+1,-2,+1,-1,0,-1,-1,+1,-1,-1,-1,0
1729,846,i2.png,Readable,+1,+1,+1,0,+1,+1,+1,+1,+1,+1,+1,+1
1807,269,i2.png,Unreadable,+1,-2,+1,-2,+2,+2,-1,0,-1,0,+1,+1
1808,273,i2.png,Readable,+2,+2,+1,+2,+2,+2,+2,+1,0,+1,+1,+1
2031,810,i2.png,Unreadable,-1,-2,-2,-2,+2,+2,+1,+2,0,-2,+2,+1
2056,859,i2.png,Readable,+1,-2,+2,-2,0,+1,+1,+2,+1,-1,+1,+2
2323,325,i2.png,Readable,+2,0,0,+2,+1,+2,+2,+1,-1,0,0,+1
2372,728,i2.png,Readable,+1,+1,-1,+2,+1,+1,+2,+1,-1,+1,+1,0
2386,822,i2.png,Unreadable,0,0,+1,-1,0,0,0,+1,0,+1,0,-1
2491,908,i2.png,Readable,+1,+1,+1,+1,+1,+1,+1,+1,-1,+1,+1,-1
279,722,i20.png,Readable,+1,+2,0,+1,+2,+2,+2,0,-1,-1,+1,+2
315,793,i20.png,Readable,+1,-1,+2,-1,+1,+1,0,-2,+1,-1,+1,+1
334,825,i20.png,Readable,-2,-2,+2,-2,+2,-2,-2,+2,0,-2,-2,+1
379,903,i20.png,Unreadable,0,+1,+2,-2,-1,-2,0,+2,-2,-2,-2,0
559,536,i20.png,Readable,-2,+1,-1,0,+1,+1,+2,0,-1,0,+1,0
845,383,i20.png,Unreadable,0,-1,+2,-2,+2,0,-1,-2,-2,-2,+2,+1
922,563,i20.png,Unreadable,0,-1,+2,+2,0,-1,+1,+2,0,-2,0,0
997,711,i20.png,Unreadable,-2,-1,+2,-2,+1,-1,-2,+1,-1,-2,-1,-2
1224,460,i20.png,Unreadable,-2,-2,+2,-2,-2,-2,-1,-2,-2,-2,-2,-2
1372,781,i20.png,Readable,0,+2,+2,-2,-2,-2,-2,+2,-2,-2,-2,+2
1460,213,i20.png,Unreadable,0,-1,+2,-2,+2,-2,-1,+2,-2,-1,+2,+2
1515,369,i20.png,Readable,0,0,0,0,0,0,0,0,0,0,0,0
1541,424,i20.png,Unreadable,+2,0,+2,-2,-1,-1,-2,-1,-2,-2,-1,0
1737,870,i20.png,Readable,0,+1,+2,0,+2,-1,+2,+2,-1,0,+2,+2
1823,326,i20.png,Unreadable,+1,-1,+2,-2,+1,0,-1,-1,+1,-1,+1,+1
1866,425,i20.png,Unreadable,0,+1,+2,+1,0,0,0,0,-2,+1,+2,0
1887,477,i20.png,Unreadable,-2,0,+2,-2,-1,-2,-2,-1,-2,-2,-1,-1
2075,901,i20.png,Readable,-1,0,+1,+2,+1,0,-1,-2,-1,0,+1,+2
2349,540,i20.png,Unreadable,0,-2,+2,-2,-2,-2,-2,+2,-2,-2,-2,+2
2375,755,i20.png,Unreadable,-2,-1,-1,-1,0,-2,0,-2,0,-1,-2,-2
184,545,i21.png,Readable,-1,-1,+2,-1,0,-2,-1,+1,-1,-1,0,+1
368,885,i21.png,Unreadable,-2,-2,+2,-2,-1,-2,0,-2,-2,-2,-2,0
464,339,i21.png,Unreadable,-2,-1,+2,-1,0,-2,0,+2,-2,0,+1,+1
595,629,i21.png,Unreadable,0,0,+2,+2,+1,-2,-2,0,-2,-2,0,+2
1096,907,i21.png,Unreadable,0,-1,+2,-2,-1,-2,-2,0,-2,-2,-2,0
1183,365,i21.png,Unreadable,-1,-2,+2,-2,-2,-2,-2,-2,0,-1,-2,-1
1371,780,i21.png,Readable,-2,-1,+1,-2,0,-2,-1,-1,-2,0,0,0
1981,704,i21.png,Unreadable,-1,-1,+1,+1,0,+1,0,-2,-1,-1,0,0
1999,727,i21.png,Unreadable,-1,-1,+1,-1,-1,-2,-1,-2,-1,-1,-1,0
2102,223,i21.png,Unreadable,-1,-1,+1,-1,+1,+1,+1,+1,+1,+1,+1,+1
2181,522,i21.png,Unreadable,-1,-1,+1,+1,0,-1,-1,0,-1,+1,0,0
2193,575,i21.png,Unreadable,0,-2,+2,-2,-2,-2,-2,+1,0,-2,-2,0
2221,670,i21.png,Unreadable,-1,-1,+2,-2,-2,0,-1,0,-2,-2,-1,0
2338,467,i21.png,Readable,0,0,0,0,0,-1,0,0,-1,0,0,0
15,196,i25.png,Unreadable,-1,-1,-1,-2,+1,-2,0,-1,-2,-2,-1,0
119,414,i25.png,Unreadable,+1,+1,+2,-1,0,-1,0,-1,-2,-2,+2,+1
223,635,i25.png,Readable,+2,-1,0,+2,+1,+1,-1,0,+2,+1,+1,+1
258,686,i25.png,Readable,+1,+1,+1,+1,+1,-1,+1,-1,-1,-1,-1,+1
308,780,i25.png,Unreadable,-2,-1,0,-1,0,-2,+1,-1,-2,-2,-1,-1
323,808,i25.png,Unreadable,+2,-1,+2,-2,0,-1,+1,+1,-2,-1,-2,-2
991,703,i25.png,Readable,+2,+2,+1,0,+2,0,-1,-1,-1,-1,0,+2
1302,647,i25.png,Readable,+2,+2,0,+2,+1,+1,0,0,0,0,+1,+1
1413,872,i25.png,Unreadable,+1,0,+1,+1,0,-1,-1,-1,-2,0,-1,0
1558,468,i25.png,Unreadable,+1,-1,-1,+2,+1,-2,+1,-2,-1,+1,+1,+1
1574,512,i25.png,Unreadable,+2,+1,+2,-2,+2,0,0,+2,-2,-1,-1,+2
1613,621,i25.png,Readable,+2,-1,+2,-2,+1,+1,+1,-1,+1,+2,+1,+1
1667,716,i25.png,Unreadable,+1,0,+2,-2,-1,-2,0,-1,+2,-2,-2,+1
1720,828,i25.png,Unreadable,+2,-2,+2,-2,-2,0,+1,-2,-2,-2,+2,+2
1751,896,i25.png,Unreadable,+2,+2,+2,+2,+2,-2,+2,-2,-2,-2,-2,+2
1879,464,i25.png,Readable,+1,+1,+2,+2,0,-1,+2,-2,-1,-1,0,+2
1880,465,i25.png,Readable,+1,+1,+2,+2,-2,-2,+1,+1,-2,-2,-2,-2
2063,879,i25.png,Readable,0,0,0,0,0,0,0,0,0,0,0,0
2070,893,i25.png,Readable,+2,+2,+1,+1,+2,+2,+2,+2,+2,0,+1,+2
2250,763,i25.png,Readable,+2,+2,+1,+2,+2,-1,+2,+2,-1,-1,-1,+2
2351,558,i25.png,Unreadable,0,+1,-1,+1,+1,-2,+1,-2,-2,-2,0,0
2443,812,i25.png,Unreadable,+1,+1,+2,-2,-1,-2,0,-2,0,-2,-1,+1
2474,570,i25.png,Unreadable,+2,+1,+1,-1,0,0,+2,-2,-2,-2,-2,0
8,180,i3.png,Readable,+1,-1,+1,+1,+1,+1,+1,+1,+1,+2,+1,0
46,257,i3.png,Readable,+1,-1,+1,+1,0,+1,+2,0,-1,-1,+2,0
92,363,i3.png,Unreadable,0,0,+1,-1,-1,-2,-1,-2,0,-1,-1,-1
106,388,i3.png,Readable,+1,+1,+2,-1,+1,-2,-1,-1,-2,-2,+1,+2
132,437,i3.png,Unreadable,0,-1,+2,+1,+2,-2,+1,-2,-2,-2,0,+2
214,623,i3.png,Readable,+1,+2,0,0,+2,+2,+2,0,0,0,+2,+2
571,575,i3.png,Unreadable,+2,-1,+2,-1,+1,-1,-2,+1,-2,0,-1,0
629,680,i3.png,Unreadable,-2,-2,+2,-1,-2,-2,-2,-2,-2,-2,0,-1
707,828,i3.png,Unreadable,0,-2,+2,-2,0,-2,-2,-2,-2,-2,+2,+2
710,832,i3.png,Unreadable,0,-1,+2,0,-1,-1,-2,-1,-2,-2,0,0
754,915,i3.png,Readable,+1,-1,+2,-1,-1,-1,+1,+1,+1,-2,+1,+1
868,429,i3.png,Readable,+1,+1,+1,+1,-1,-1,-1,+1,-1,-1,-1,+1
1014,734,i3.png,Readable,+1,+1,0,+1,+1,-1,-1,+1,-2,+1,0,0
1058,829,i3.png,Readable,+1,-1,+1,0,+1,0,-1,-1,-1,-1,0,-1
1179,358,i3.png,Unreadable,+1,0,+1,0,0,-1,-1,0,0,-1,0,0
1195,391,i3.png,Readable,0,0,0,0,0,0,0,0,0,0,0,0
1225,461,i3.png,Readable,0,-1,+1,-1,0,-2,-1,-1,+1,0,0,0
1271,578,i3.png,Readable,+2,+2,0,+1,+1,+1,+1,+1,+1,+1,+1,+1
1418,881,i3.png,Unreadable,+1,+1,+2,-2,+1,0,+1,+1,0,-2,0,0
1531,404,i3.png,Unreadable,+2,+2,+2,+2,+1,+1,+2,+2,-2,-2,+2,0
1602,588,i3.png,Readable,0,0,+1,+1,+1,0,0,0,0,-1,+1,+1
1609,612,i3.png,Readable,0,0,+2,-2,0,0,0,+1,+1,-1,+1,+1
1694,777,i3.png,Unreadable,0,0,+1,-1,-1,-1,-1,-2,-1,0,-1,0
1787,220,i3.png,Unreadable,-1,+2,0,+2,0,-2,-2,+2,-1,-2,0,+2
2069,892,i3.png,Readable,+1,+1,+2,-2,+1,-1,-1,-2,-2,0,+2,0
2228,689,i3.png,Readable,+1,0,+1,-1,0,+2,0,+2,+1,0,+1,+1
2343,510,i3.png,Readable,+2,+2,+1,0,+1,+2,+1,+2,-1,-1,+1,+2
573,579,i34.png,Readable,+2,+2,+1,+2,+2,0,+2,+2,0,+2,+1,+1
756,926,i34.png,Unreadable,-1,-1,+1,-1,-1,-2,-2,+1,-2,0,-1,0
906,520,i34.png,Readable,+2,+2,0,+2,+1,+1,+1,+2,-1,+2,-1,0
930,584,i34.png,Readable,+2,+2,+2,0,+2,-2,-2,0,+2,+2,+2,+2
937,611,i34.png,Readable,+1,+1,+1,0,+1,+1,0,+1,+1,+1,-2,+1
1069,851,i34.png,Readable,+1,0,0,+2,+1,+1,0,+2,0,+2,0,+1
1154,276,i34.png,Readable,+1,-1,+2,-1,+1,+1,+1,+2,+1,+2,-1,-1
1252,522,i34.png,Readable,0,+1,0,+1,0,-1,-2,+1,-2,+1,0,0
1357,741,i34.png,Readable,-1,0,+1,0,0,-1,+1,+1,-1,+1,-1,+1
1439,925,i34.png,Readable,-1,-1,0,-1,+1,-1,+1,+1,+1,0,+1,+1
1560,471,i34.png,Readable,+2,+2,0,+1,+1,+1,-2,+2,+1,+2,+1,+1
1753,900,i34.png,Readable,-1,+1,0,+1,+2,+1,-2,+2,-2,+2,-1,-1
1800,254,i34.png,Unreadable,-1,-1,0,+1,+1,-1,-1,+2,+1,+1,-1,-1
1847,387,i34.png,Readable,0,+1,0,+2,+2,0,0,0,0,0,+1,0
2208,635,i34.png,Unreadable,-1,+1,+1,-1,+1,-1,+2,+2,-1,-1,+1,-1
2251,772,i34.png,Unreadable,-2,-2,+2,-2,0,-2,-2,0,-2,-2,-2,-2
2261,799,i34.png,Readable,+2,+1,+1,+2,+2,+2,0,+2,+2,+2,+2,0
2333,435,i34.png,Readable,-1,+1,0,+1,-1,-1,-1,-1,-1,+1,+1,+1
2336,460,i34.png,Unreadable,+1,-1,0,0,0,-2,-2,0,0,0,0,-2
2344,512,i34.png,Readable,+2,+2,0,+2,+2,+1,-1,+2,+2,+2,0,+1
2390,844,i34.png,Readable,-2,-2,+2,-2,-2,-2,-2,+2,-2,-2,-2,+2
2395,881,i34.png,Readable,-2,-1,-1,+1,+1,-1,-2,0,0,+1,0,-2
2415,352,i34.png,Readable,+1,+1,0,+2,+2,+1,0,+1,+1,+2,+2,+1
2470,510,i34.png,Readable,+2,+2,+2,+2,+2,+2,+2,+2,+2,+2,+2,+2
2484,812,i34.png,Readable,+1,+1,0,+2,+1,0,-1,+1,+1,+2,0,0
227,641,i35.png,Readable,-1,+2,+1,+2,+2,+2,+2,0,+2,+2,-1,+1
300,767,i35.png,Readable,0,-2,0,0,+1,-2,-1,+2,+2,+2,-1,+2
313,790,i35.png,Readable,0,-2,0,0,+2,-2,0,0,-2,-1,0,+2
423,235,i35.png,Readable,-1,-1,0,+1,+1,+2,+1,+1,-1,+1,+1,+2
523,461,i35.png,Readable,0,-1,+1,+1,-1,-2,-1,-1,+1,-1,-1,0
817,318,i35.png,Readable,0,+1,0,+2,+2,-1,+1,-1,-1,+1,-2,-1
923,567,i35.png,Readable,0,+1,+1,+1,+1,-1,-1,-1,-1,-1,+1,+1
978,674,i35.png,Readable,+2,+2,+1,-2,+1,+1,+1,+1,-1,-1,+1,+1
1168,333,i35.png,Unreadable,+1,+1,+1,-1,0,-1,+1,-1,0,-1,0,+1
1510,358,i35.png,Readable,0,0,+1,-1,0,-1,0,-1,+1,+1,0,0
1522,383,i35.png,Unreadable,+1,+1,+2,0,+1,0,-2,-2,0,-1,-2,0
1642,669,i35.png,Unreadable,+1,-1,+2,-2,0,-2,-1,-1,-2,-2,-2,-1
1664,711,i35.png,Unreadable,+2,+2,+1,+2,+1,-2,-2,-2,-1,-2,+1,-1
1684,746,i35.png,Readable,+1,+1,0,0,+1,+1,+1,0,0,0,+1,0
1706,802,i35.png,Readable,+1,+1,+2,+1,+1,+1,+1,+1,0,0,+1,+1
1763,925,i35.png,Readable,+2,+2,0,+2,+2,+1,+2,+1,+2,+1,+1,+1
1768,176,i35.png,Readable,+2,+1,0,-2,-2,-2,-2,-1,-1,-2,-1,0
1822,325,i35.png,Unreadable,+1,+1,+2,-2,0,0,+1,+2,0,-2,+2,+1
2052,850,i35.png,Readable,+1,+1,0,+1,-1,0,0,-2,-2,-1,-1,+2
2356,636,i35.png,Readable,+2,+2,0,+2,+1,+2,+1,-1,0,+2,-2,+1
2398,907,i35.png,Readable,0,-1,+1,+1,0,-2,-1,+1,-2,-1,-2,0
47,258,i36.png,Unreadable,0,-2,+2,-2,+1,-2,+2,+2,-2,-2,+2,+2
100,376,i36.png,Unreadable,+1,-1,+1,-1,+1,+1,+1,-1,+1,-1,-1,-1
103,382,i36.png,Readable,+1,+1,0,+1,+1,+1,+1,+1,-1,-2,+1,+1
115,405,i36.png,Unreadable,-1,-1,+1,-1,0,-1,+1,+1,-1,-2,+1,+1
149,473,i36.png,Readable,+1,0,+1,-1,+1,+1,+2,+1,-2,-1,+2,-1
439,267,i36.png,Readable,-1,-2,+1,-1,+1,+1,0,+1,+2,+1,+2,+2
516,438,i36.png,Unreadable,+2,+2,+2,-2,+2,-2,+2,+2,-2,-2,+1,+2
591,623,i36.png,Readable,0,+2,0,0,+2,+2,+2,0,0,+2,+2,+2
822,335,i36.png,Readable,+2,+1,+1,+1,+1,+1,+1,+1,+1,+1,+2,+2
929,582,i36.png,Readable,0,+2,+1,-2,-2,-2,+2,-2,+2,-2,0,+2
1147,261,i36.png,Unreadable,+2,+2,+2,-2,+1,-1,+2,+2,-1,-2,0,0
1220,443,i36.png,Unreadable,+1,+1,+1,-1,0,0,+1,+1,-1,-1,0,0
1227,465,i36.png,Readable,0,-2,0,+1,-2,+1,+1,+2,+2,+2,+2,-2
1306,654,i36.png,Readable,+1,+1,+2,-2,+2,+1,+2,+1,0,-1,+2,0
1326,686,i36.png,Unreadable,+1,-2,+2,-2,+1,-2,+2,+1,-1,-2,+1,+1
1361,754,i36.png,Unreadable,+1,-2,+2,-2,+2,-2,+2,-2,-2,-2,-2,0
1422,891,i36.png,Unreadable,0,-1,+2,0,0,-2,+2,-2,+2,-2,+1,-2
1425,895,i36.png,Readable,+2,+2,0,+2,+2,+1,+2,+2,+1,+1,+2,+2
1467,227,i36.png,Readable,0,0,+1,-2,0,-1,+1,0,+1,0,0,0
1539,419,i36.png,Readable,+2,+1,+1,+1,0,+1,+2,+1,+1,-1,+2,+2
1542,425,i36.png,Readable,+1,+1,+2,+1,-2,+1,0,0,0,+1,+2,0
1557,467,i36.png,Readable,0,0,+1,+1,0,0,0,-1,0,0,+1,0
1861,416,i36.png,Readable,+1,+1,0,0,+1,0,+2,+2,-1,-1,+2,+2
1876,454,i36.png,Unreadable,+1,+1,+2,-1,0,0,+2,+1,-2,-2,+2,+2
2113,265,i36.png,Readable,+1,+1,0,+1,0,0,0,0,0,+1,0,0
2133,360,i36.png,Readable,+1,+1,+1,0,+1,0,+2,+2,+1,0,+1,0
2275,841,i36.png,Readable,+2,+2,0,+1,+2,-1,+2,+2,-1,+1,-1,+1
2361,672,i36.png,Readable,+1,0,+1,+2,0,0,+2,+2,+2,+1,+2,-1
2402,205,i36.png,Readable,0,0,+2,0,0,0,+2,+1,-2,-2,0,+1
2457,247,i36.png,Readable,+2,+2,+2,-2,+2,+2,+2,+2,-2,-2,+2,+2
51,266,i37.png,Readable,0,0,-1,+2,+2,0,+2,-2,-2,+2,0,-1
185,554,i37.png,Readable,+2,+2,0,+1,0,+1,+2,0,-2,+1,-1,+2
230,649,i37.png,Readable,+2,0,+1,-1,+1,0,+1,+1,-1,+1,+1,+1
236,656,i37.png,Readable,+2,+1,0,+1,+2,+1,+1,+2,+1,+2,+1,+2
322,807,i37.png,Readable,+2,+2,0,+2,+2,-2,+2,+2,+2,+2,+2,+2
353,858,i37.png,Readable,-2,-1,0,0,0,0,0,0,0,0,-1,-1
682,782,i37.png,Readable,+1,+1,+1,+1,0,+1,+1,-1,-1,+1,-1,+1
859,414,i37.png,Unreadable,+1,+1,+1,0,-1,-1,+1,+1,-2,-2,+1,+1
1138,240,i37.png,Readable,+2,+2,0,+2,+2,+1,+1,+1,+2,+2,+1,+2
1186,372,i37.png,Readable,0,+2,0,+2,0,0,+2,+2,0,0,0,+2
1343,717,i37.png,Readable,-2,+1,0,0,0,0,0,0,-2,+1,0,0
1358,742,i37.png,Readable,+1,0,+1,0,0,0,0,0,-1,0,-1,+1
1389,818,i37.png,Unreadable,+1,+1,+1,-2,+1,-2,+2,+1,+1,+1,+1,+2
1606,601,i37.png,Readable,+2,+2,0,0,0,+2,+2,+2,-1,+2,0,-1
1622,635,i37.png,Readable,+1,+2,0,+2,+1,+1,0,-1,+2,+1,+1,-1
1671,720,i37.png,Readable,0,0,+2,+2,0,-2,0,-2,0,+2,+2,0
1675,725,i37.png,Readable,+2,+1,-1,+2,+1,+1,+2,-1,+1,+2,+1,+2
1746,890,i37.png,Readable,-1,+2,-2,+2,+2,+2,+2,+1,-1,+2,+2,+2
1893,503,i37.png,Readable,+2,+2,+1,+2,0,0,+2,-1,+1,+2,0,+2
1919,570,i37.png,Readable,+2,+2,0,+1,+1,+1,+2,-1,-1,+1,+1,+1
2207,634,i37.png,Readable,+2,+2,-2,+1,+1,+1,+1,+1,+2,+2,+2,+2
5,177,i38.png,Unreadable,-1,-2,+2,-1,+1,-1,0,0,-1,+1,-2,+1
277,719,i38.png,Readable,-1,+1,+1,0,0,-1,0,+2,+1,+2,+1,0
381,906,i38.png,Readable,-1,0,+1,+1,-1,-1,-1,+1,-1,-1,+1,+1
462,336,i38.png,Readable,-1,+1,+2,-1,+1,0,-1,+2,0,0,+1,+1
594,628,i38.png,Unreadable,+1,0,0,+1,+1,-1,+1,+1,-2,-1,0,+1
678,778,i38.png,Readable,+1,+1,-1,-1,+1,+1,+2,+2,-1,+1,+1,+1
740,893,i38.png,Readable,+1,+1,+1,+1,0,0,0,+2,+1,+1,+1,+1
803,266,i38.png,Readable,+1,+1,0,+2,+2,+2,+2,+2,0,+1,+1,+1
988,695,i38.png,Unreadable,-2,-2,+2,-2,-2,-2,-2,-2,-2,-2,0,+2
993,705,i38.png,Unreadable,-2,-2,+2,-2,+1,-2,-2,+2,-1,0,+1,+1
1298,639,i38.png,Readable,+1,+1,+2,+1,+2,0,-1,+1,-2,-1,+1,-1
1386,812,i38.png,Unreadable,0,-1,+1,-1,0,-1,0,-2,0,0,-1,-2
1458,209,i38.png,Unreadable,-1,0,+1,-1,0,-1,+1,0,0,0,0,0
1473,247,i38.png,Readable,-1,+2,+1,+2,+2,-1,+1,+1,+1,+1,+1,+1
1559,469,i38.png,Unreadable,0,-1,+2,-1,+1,-1,0,-2,0,0,+1,0
1653,689,i38.png,Readable,0,-1,0,+1,+1,0,+1,+2,+1,0,+1,+1
2026,799,i38.png,Unreadable,-1,-2,+2,-1,-1,-1,0,-2,-1,-1,0,0
2222,672,i38.png,Readable,+2,-1,+1,+2,+1,0,+2,-1,+1,+1,+2,-1
306,778,i39.png,Readable,+1,+1,0,+1,+2,-1,-1,+2,+2,+2,+2,-1
380,904,i39.png,Readable,+1,-1,0,+2,0,+2,0,+2,+2,+2,0,+2
451,305,i39.png,Readable,-2,-2,-2,-2,-2,-2,-2,-2,-2,-2,-2,-2
742,896,i39.png,Readable,+2,+2,0,+2,+2,-2,-2,+2,+2,+2,+2,+2
744,900,i39.png,Readable,0,0,+1,+1,+2,0,0,+1,-2,0,+2,+1
752,912,i39.png,Readable,+1,+1,0,+2,+1,-1,-1,+1,+1,+1,-1,+1
780,218,i39.png,Readable,0,+1,0,+2,+2,+2,+2,+2,0,+1,+2,0
996,709,i39.png,Readable,-2,-1,-1,-1,-1,-1,-1,-1,-1,-1,-1,-1
1042,802,i39.png,Readable,-1,+1,+1,0,+1,+1,+1,+1,0,0,0,+1
1074,862,i39.png,Readable,+2,+1,0,+2,0,0,-1,+1,+2,+2,+1,+2
1198,399,i39.png,Readable,+2,+2,0,+2,+1,0,0,-1,0,+2,0,0
1335,705,i39.png,Readable,+1,+1,0,+2,+2,-2,-1,+2,+2,+2,+2,+1
1495,317,i39.png,Readable,+2,+2,0,+2,+2,0,+2,+2,0,+2,+2,+2
1568,490,i39.png,Readable,+1,+1,+1,+1,+1,+1,+1,+1,+1,+1,+1,+1
1583,526,i39.png,Readable,+1,0,0,0,0,0,0,+2,0,+1,+2,+1
1631,651,i39.png,Readable,+2,+2,0,+2,+2,+1,+1,+1,+2,+2,+1,+1
1910,540,i39.png,Readable,+1,+2,+2,+2,+2,0,0,+2,-2,0,-1,+2
1914,555,i39.png,Unreadable,+1,0,+1,+1,+1,-1,0,-1,0,-1,0,0
2001,729,i39.png,Readable,+2,+2,+1,+2,+1,0,+1,+2,+1,+2,+1,+1
2018,781,i39.png,Readable,+2,+2,0,+2,+2,0,0,+2,-1,0,+1,+1
2036,819,i39.png,Readable,+1,+1,+1,+1,+1,0,+1,+1,+1,+1,+1,+1
2065,882,i39.png,Readable,+2,+1,+1,+2,+2,+2,+2,+2,+1,+2,+2,+1
2180,521,i39.png,Readable,+2,+2,0,+2,0,0,+2,+2,+2,+2,-1,+2
2366,694,i39.png,Readable,0,+1,0,+1,+1,0,-1,+2,-1,-1,0,+2
295,749,i4.png,Unreadable,+1,-1,+1,-1,+2,-1,-1,+2,-1,-1,+1,-1
657,726,i4.png,Readable,+2,-1,0,+2,0,+2,+2,+2,+2,+2,+2,0
709,830,i4.png,Unreadable,+2,+1,+2,+1,-1,-2,+1,+2,+1,0,+1,0
737,890,i4.png,Unreadable,+2,+2,0,-2,+2,-1,0,+2,-2,-1,-1,+2
804,269,i4.png,Unreadable,+2,0,+2,+1,+2,-1,+2,-1,-2,-1,+2,+1
881,464,i4.png,Readable,+1,+1,+1,-1,+1,+1,+1,+1,-1,+1,+2,+1
926,575,i4.png,Readable,+2,+2,+1,-2,+1,+1,+2,+2,-1,+1,+1,+2
940,617,i4.png,Readable,+1,-1,+2,-1,-1,-1,+1,-1,+1,+1,+1,+1
987,694,i4.png,Readable,+2,+1,+1,-1,+1,-2,+2,+2,0,+1,+1,+2
1196,392,i4.png,Unreadable,0,-2,+2,-2,+1,0,-2,+2,-2,-2,+1,+2
1234,477,i4.png,Readable,+1,+1,+1,+1,+1,0,+1,+1,+1,-2,-2,-1
1303,649,i4.png,Readable,-1,+1,+1,+2,+1,0,+1,-1,+1,+1,-1,+1
1396,829,i4.png,Readable,+1,+1,+1,+2,+2,+2,+2,+2,+2,+2,+2,0
1732,851,i4.png,Readable,+1,0,0,+1,+1,+1,+1,+1,-2,0,-1,0
1734,858,i4.png,Readable,+1,+1,+1,+1,0,0,0,0,0,0,0,0
1892,490,i4.png,Readable,+2,+2,+2,+2,+2,+2,+2,+1,+2,+2,+2,+2
2147,404,i4.png,Unreadable,-1,-1,+2,-2,-1,-2,+2,+2,+1,-2,-2,0
2339,469,i4.png,Readable,+1,0,+1,-1,+1,0,0,0,0,0,+1,0
2429,558,i4.png,Unreadable,0,0,+2,-1,+2,-1,-1,+1,-2,-1,+1,0
2469,485,i4.png,Readable,+1,0,0,+1,+2,-1,0,+2,0,0,+2,+2
18,205,i40.png,Unreadable,+1,-2,+2,-2,-2,-2,0,-2,-2,-2,+2,-1
153,479,i40.png,Unreadable,+2,+1,+2,-2,+2,-1,+1,-2,0,0,+1,+1
199,592,i40.png,Readable,0,+1,+1,+2,0,-1,+1,-1,+1,+2,0,0
302,772,i40.png,Unreadable,-1,-2,+2,-2,-2,-2,0,-2,-2,-2,-1,+2
303,773,i40.png,Readable,-1,-2,0,-1,-2,0,-1,-2,-2,-2,-2,-1
344,843,i40.png,Readable,+2,-1,0,-1,0,-2,-2,-2,-1,-1,+2,+2
513,435,i40.png,Readable,+1,+1,0,-1,+1,-1,+1,+1,-1,+1,+1,+1
884,468,i40.png,Readable,-1,+2,-1,+2,+1,+1,+1,-1,+2,+2,+2,+2
898,505,i40.png,Unreadable,-1,-2,+2,-2,-1,-2,-1,-2,-2,-1,-1,+1
902,512,i40.png,Readable,+2,+2,0,0,+2,+2,0,+2,+1,+1,+1,+1
1089,896,i40.png,Readable,+2,+2,+2,+2,+2,-2,+2,-2,+2,+2,+2,+2
1107,176,i40.png,Readable,-2,-2,-2,+2,+2,-2,-2,-1,+1,-2,-2,-2
1282,612,i40.png,Readable,+1,0,0,0,0,0,+1,-1,0,-1,-1,+1
1414,873,i40.png,Unreadable,+2,-1,+1,-2,0,+2,+2,-2,-1,-1,0,+2
1563,477,i40.png,Readable,0,0,0,+1,+1,+1,+1,+1,+1,+1,+1,+1
1794,235,i40.png,Readable,+2,+2,0,+2,+2,+1,+2,+2,+2,+1,+1,+2
1810,276,i40.png,Readable,+1,+1,-1,+1,+1,+1,+1,+1,+1,+2,+1,+1
1863,419,i40.png,Unreadable,+1,+1,+2,+1,+1,0,+1,-1,-1,-1,+1,+2
2049,844,i40.png,Readable,+2,+2,-1,+2,+2,+2,+2,+2,+2,+2,+2,+2
2068,891,i40.png,Readable,+2,+2,0,+2,+2,+2,+1,-2,0,+2,+1,-2
2101,220,i40.png,Readable,+2,+2,+2,+2,0,+1,+1,+2,0,-2,0,+2
2302,174,i40.png,Readable,+1,+1,+1,-1,0,-1,+1,-2,+1,0,0,0
57,284,i41.png,Readable,+2,+2,+1,0,+1,0,+2,-1,-1,-1,+2,+1
394,176,i41.png,Readable,-2,-2,-2,+2,+1,-1,+1,-1,-1,-2,-1,-2
414,218,i41.png,Readable,+2,+2,0,+2,+1,+2,+2,+2,0,+2,+2,+2
597,633,i41.png,Readable,+2,+2,0,+1,+1,0,0,+2,+2,+1,+2,+1
656,725,i41.png,Readable,+2,+1,+1,+1,+1,+1,+1,-1,+1,+1,+1,+1
736,885,i41.png,Readable,+2,+2,0,-1,+1,-2,0,+2,-2,0,-2,+2
850,392,i41.png,Readable,+2,+2,+1,+2,+2,-1,0,+2,+1,+1,0,+2
924,570,i41.png,Readable,+2,+2,0,+1,+1,0,+2,-2,-2,-1,+1,0
1094,904,i41.png,Readable,+1,+1,+1,+1,+1,+1,+1,+1,+1,+1,+1,+1
1121,209,i41.png,Readable,+2,+2,0,-1,+1,0,-1,-1,0,0,0,0
1257,529,i41.png,Readable,+2,+2,-1,+2,+2,0,+2,+2,+2,+2,+2,+2
1273,582,i41.png,Readable,+1,+2,+2,-1,-2,-2,+2,-2,0,-1,-2,0
1274,584,i41.png,Unreadable,+2,+2,+2,-2,+2,+2,+2,+2,-2,-2,+2,+2
1327,688,i41.png,Readable,0,0,0,0,0,0,0,0,0,0,0,0
1369,777,i41.png,Readable,+2,+2,0,+2,+1,+2,+2,+2,0,+2,+2,+2
1470,235,i41.png,Readable,+2,+2,+2,-2,+2,+2,+2,+2,-2,-2,+2,+2
1586,540,i41.png,Readable,+2,+2,+2,0,+2,+2,+2,+2,0,+2,+1,+2
1663,709,i41.png,Readable,-1,-1,-1,-1,-1,-1,-1,-1,-2,-1,-1,-1
1709,808,i41.png,Readable,+2,+2,+1,-1,+2,0,+2,-1,-2,0,+2,+1
1813,298,i41.png,Readable,+1,+1,0,0,0,0,+1,+1,-1,+1,+1,-1
2225,682,i41.png,Readable,0,0,0,0,0,0,0,0,0,0,0,0
2256,783,i41.png,Readable,0,+2,0,-1,-1,+1,+2,+2,+2,+2,+2,+2
2477,641,i41.png,Unreadable,+2,+2,+2,+2,+2,+2,+2,+2,+1,+2,+2,+2
2482,728,i41.png,Readable,+2,+2,0,+2,+2,+1,+2,+2,0,+1,+2,+1
213,622,i42.png,Unreadable,+1,-1,+1,-2,+2,-2,-2,-1,-1,-2,0,+1
242,664,i42.png,Unreadable,+1,-1,+1,-2,0,-2,-2,-1,-2,-2,-2,0
337,829,i42.png,Readable,0,+1,0,+2,+1,0,0,+1,+1,+2,+1,+2
364,879,i42.png,Readable,0,0,0,0,+2,-2,-2,0,-1,+2,+1,+1
503,416,i42.png,Unreadable,-1,+1,+2,-2,+2,-1,+1,+1,-2,0,+2,+2
832,358,i42.png,Unreadable,0,-1,+1,-2,-1,-1,0,-1,-1,-1,0,+1
945,625,i42.png,Readable,+2,+2,+1,+2,+2,+1,+1,+2,-1,0,+1,+1
1548,438,i42.png,Unreadable,-2,0,+1,-2,+1,-1,-2,0,-1,-1,0,0
2124,319,i42.png,Readable,+2,0,+2,-1,+1,-1,+2,+2,0,0,0,+2
2175,510,i42.png,Readable,+2,+1,+1,+1,+1,+1,+1,+2,+1,+1,+1,+1
2394,872,i42.png,Unreadable,+1,0,+1,-1,+1,-1,-1,+1,-2,-1,+1,-1
116,406,i43.png,Readable,-1,+1,-1,-1,-1,-1,-1,+1,-1,-1,-1,-1
280,723,i43.png,Readable,-2,+2,0,+2,+1,-2,+2,+2,-1,0,-1,0
307,779,i43.png,Readable,-1,0,0,+1,+1,-1,+2,+2,0,0,-1,+2
401,187,i43.png,Readable,-2,+2,-2,-2,-2,-2,-2,+2,+2,+2,-2,+2
450,302,i43.png,Readable,+2,+2,0,+2,+2,+2,+2,+2,0,0,+2,+2
560,540,i43.png,Readable,+1,+2,0,0,0,0,+2,+2,0,+2,+1,+2
584,611,i43.png,Readable,+2,+2,0,+2,+2,+2,+2,+2,0,0,0,+2
713,838,i43.png,Readable,+1,+2,0,+1,+1,0,+2,+2,0,0,0,0
782,221,i43.png,Readable,-1,+1,+1,+1,+1,+1,+1,+1,-1,+1,+1,+1
1097,908,i43.png,Unreadable,-2,-1,+2,+2,+1,-2,+2,+2,-1,0,-1,+1
1128,220,i43.png,Readable,+2,+2,0,+2,0,+2,+2,+2,0,0,+2,+2
1360,749,i43.png,Readable,+2,+2,-1,+2,+2,+2,+2,+2,+1,+2,+2,+2
1370,778,i43.png,Readable,+2,+2,+1,-1,-1,+1,+1,+2,0,0,0,+2
1436,912,i43.png,Readable,+2,+2,0,+2,+2,0,+2,+2,0,+1,+1,+1
1508,352,i43.png,Readable,+2,+2,+2,+2,+2,+2,+2,+2,+2,+2,+2,+2
1886,476,i43.png,Readable,+1,+2,0,+2,0,+1,+2,+2,+2,-2,0,+1
2106,240,i43.png,Readable,+2,+2,0,+2,+2,+1,+2,+2,0,0,+1,+2
2166,473,i43.png,Readable,+2,+2,0,+2,+2,+2,+2,+2,0,0,0,+1
2393,859,i43.png,Readable,+2,+2,0,+2,+1,+2,+2,+2,0,0,-1,0
2419,438,i43.png,Readable,-1,+2,0,+2,+2,-2,+2,+2,0,+2,+2,+2
2434,644,i43.png,Readable,+1,+2,0,+2,+2,+1,+1,+1,0,0,+1,-2
2435,672,i43.png,Readable,-2,+2,0,+2,+2,+2,+2,+2,+1,+2,+2,+1
2480,676,i43.png,Readable,0,0,0,0,0,0,0,0,0,0,0,0
140,460,i44.png,Unreadable,-2,-1,-1,-1,0,-2,-2,0,-2,-2,+1,-2
170,515,i44.png,Readable,+2,0,-2,+2,+2,0,-1,+2,0,+1,+2,+2
219,631,i44.png,Next,+2,+2,0,+2,0,+1,+1,+1,+2,0,0,+1
259,688,i44.png,Readable,-1,-1,0,0,0,0,0,0,0,0,0,0
512,431,i44.png,Readable,+2,+2,0,0,0,-2,0,0,+2,-2,-2,-2
545,510,i44.png,Readable,+2,+2,-2,+2,+2,+2,+2,+2,0,+2,+2,+2
602,640,i44.png,Readable,+2,+2,0,+2,+2,+2,+2,+2,+2,+1,+2,+2
604,644,i44.png,Readable,+1,+1,+1,+1,+1,+1,+1,+1,+2,+1,+1,-2
648,716,i44.png,Readable,0,+2,0,+2,+2,-2,0,+2,+1,-1,-2,+1
705,825,i44.png,Readable,-2,-2,+2,-2,+2,0,+1,+2,-2,+1,-2,+1
764,180,i44.png,Readable,+1,-2,-1,+1,-1,-1,-1,-1,-1,-1,-1,+1
851,395,i44.png,Readable,+2,+2,0,+2,0,0,+2,+2,+2,+2,0,0
943,622,i44.png,Unreadable,-1,+1,+1,-1,0,-1,0,0,-2,-1,-1,0
967,660,i44.png,Readable,+2,+2,0,+1,+1,0,+1,+2,+2,+2,0,-1
1202,406,i44.png,Readable,-1,-1,-1,-1,-1,-1,-2,-2,+1,-2,-2,-2
1591,556,i44.png,Readable,+1,+1,-1,+1,+1,+1,+1,+1,+1,+1,+1,+1
1733,857,i44.png,Readable,-1,+1,+1,+1,+1,+1,+1,+1,+1,+1,+1,+1
1766,173,i44.png,Readable,+2,+2,0,+1,0,-2,-1,-2,-2,+1,+1,0
1776,188,i44.png,Readable,0,-1,+1,0,-1,-1,+2,+2,+2,+1,-1,-1
1818,316,i44.png,Readable,-1,+2,0,+2,+2,0,+2,+2,+2,+2,0,-2
1899,513,i44.png,Readable,+1,+1,0,+2,+2,0,+2,+2,+1,0,0,+1
2076,904,i44.png,Unreadable,-1,-1,+1,+1,+1,0,+1,+1,+1,+1,0,0
2103,224,i44.png,Unreadable,-2,-2,+2,+1,-2,-2,+1,+2,-2,-2,-2,-2
2151,417,i44.png,Readable,-1,0,+2,+2,+1,+1,0,0,+1,+2,+1,+1
2263,803,i44.png,Unreadable,-2,-2,-1,+2,-2,-2,+2,+2,+2,+2,-2,-2
2317,265,i44.png,Unreadable,-1,-1,+2,-1,0,0,0,0,0,-1,0,0
2,173,i45.png,Readable,-1,-2,0,+2,+2,-2,-2,+1,0,+2,+2,+2
49,262,i45.png,Readable,-1,-1,+1,+1,+1,-1,-1,+1,-1,-2,-1,-1
99,375,i45.png,Readable,+2,+2,0,+2,+2,+2,+2,+2,+2,+2,+2,0
205,605,i45.png,Readable,-2,-1,0,-1,-1,-1,-2,+1,-1,-1,-2,0
224,636,i45.png,Readable,0,+1,0,+2,+2,+1,+2,+2,-2,0,+2,+1
243,665,i45.png,Readable,+1,-1,-2,-1,-1,-1,+1,-1,-2,+1,+2,0
244,666,i45.png,Unreadable,-2,-2,+1,+1,+1,-2,-2,+1,-2,-2,+2,+1
396,178,i45.png,Readable,-2,0,+1,+2,+2,-2,0,+2,0,-2,-2,+1
702,822,i45.png,Readable,0,0,0,+1,+1,-1,+1,+1,0,+1,0,0
770,196,i45.png,Readable,+1,+2,+1,+2,+2,0,+1,+2,+2,+2,+1,+1
788,234,i45.png,Readable,-2,+2,0,-1,-1,-1,-1,+1,+2,+1,-2,-1
815,316,i45.png,Readable,0,+1,0,+1,+1,-1,0,+2,+2,+2,+2,+1
854,404,i45.png,Readable,-2,-2,+1,-2,-1,-2,0,+2,+2,+2,+2,0
871,436,i45.png,Readable,+1,+2,-1,+2,+1,-1,+1,+1,+1,+2,+2,+2
969,662,i45.png,Readable,-1,-1,0,+1,-1,-1,-1,+2,0,+2,+1,+1
973,668,i45.png,Readable,+1,+1,0,+1,+1,0,+1,+1,+1,+1,0,+1
1016,741,i45.png,Readable,0,0,+2,0,0,-1,0,+1,-2,0,-1,-1
1034,783,i45.png,Unreadable,-2,-2,+2,-2,-2,-2,-2,+1,-1,-2,+2,-2
1047,812,i45.png,Unreadable,0,-2,+1,-1,0,-1,0,0,-1,0,-1,-1
1064,843,i45.png,Readable,-2,+2,0,+2,+2,+2,+2,+2,+2,+2,+2,+2
1065,844,i45.png,Readable,+2,+2,+2,+2,+2,+2,+2,+2,+2,+2,+2,+2
1124,213,i45.png,Unreadable,+1,+1,+1,+1,0,-1,+2,+2,+2,0,+2,+2
1253,523,i45.png,Unreadable,-1,-2,0,+2,0,-2,0,+2,+2,+2,+2,0
1384,808,i45.png,Readable,0,+2,-1,+2,+2,+1,+1,+1,+1,+2,+2,+2
1512,361,i45.png,Readable,+1,+2,+1,+2,+2,+1,+1,+2,+1,+1,+2,+2
1752,899,i45.png,Readable,0,+1,+1,+1,0,+1,0,0,+1,+1,+1,+1
1932,611,i45.png,Readable,-1,0,0,+1,+1,-1,-2,+1,+1,+2,+2,+2
2010,767,i45.png,Readable,0,-2,+2,-2,0,-2,-1,-1,-1,-2,-1,+2
74,326,i46.png,Readable,0,+1,0,+2,+1,+1,+1,+1,-1,0,+1,+1
238,659,i46.png,Readable,0,+1,+1,0,+1,+1,+1,+2,0,-1,+2,+2
441,273,i46.png,Readable,+2,+2,0,+2,+2,0,+2,+2,0,+1,0,+2
506,421,i46.png,Readable,-1,-1,+1,+1,-1,-1,-1,+1,+1,-1,-1,-1
514,436,i46.png,Readable,-1,+2,+2,-2,-1,-1,-1,+2,+1,-1,+2,+2
739,892,i46.png,Readable,+1,+2,0,+2,+1,+2,+2,+2,0,+1,+1,+2
828,347,i46.png,Readable,+1,+2,0,+2,0,+2,+2,+2,+2,+2,0,+2
1050,818,i46.png,Unreadable,+1,+1,+1,-2,+1,-2,-1,+1,-1,-1,+1,+1
1131,224,i46.png,Unreadable,-2,-2,+2,-2,-2,-2,-2,-1,-2,-2,-1,-2
1486,276,i46.png,Unreadable,-1,-2,+2,-2,+1,-2,-1,+2,+1,+1,-1,-1
1514,365,i46.png,Readable,+2,+2,-1,+2,+2,+1,+2,+2,0,+1,+1,+2
1595,570,i46.png,Unreadable,-1,-1,+1,-1,+1,-1,+1,-1,-2,-1,+1,0
1775,187,i46.png,Unreadable,-2,+2,-2,-2,-2,-2,+2,+2,-2,-2,-2,-2
1816,305,i46.png,Readable,0,0,0,-1,-1,-1,0,0,-1,-1,0,-1
1877,460,i46.png,Readable,+2,+2,0,+1,+1,+1,-1,+2,0,0,+1,+1
2262,802,i46.png,Readable,0,+1,+1,0,0,0,+1,+1,0,+1,+1,+1
2341,483,i46.png,Readable,+1,+1,+1,+2,+1,+1,+2,+1,+1,+1,+1,+2
2357,641,i46.png,Readable,+1,+2,0,+2,+2,+2,+2,+2,+1,+2,+2,+2
2369,717,i46.png,Readable,+2,+2,+2,+2,+2,+2,+2,+2,+2,+2,+2,+2
2404,220,i46.png,Readable,0,+2,0,+2,+2,0,+1,+2,0,+2,+1,+2
2464,417,i46.png,Readable,+1,+2,+1,+1,+2,+1,+2,+2,+1,+1,+1,+2
177,524,i47.png,Readable,+2,+2,0,+2,+2,+2,+2,+2,+2,+1,+2,+2
320,802,i47.png,Readable,-1,+2,+1,0,+1,+1,+1,+2,+2,+2,+1,0
1144,254,i47.png,Readable,+2,+2,0,+2,+2,+2,+2,+2,+1,+1,+2,+2
1378,796,i47.png,Readable,+2,+2,+1,-2,+1,+2,+2,+2,+2,-1,+2,+1
1600,582,i47.png,Readable,+2,+2,+1,+1,-1,-1,+2,+2,0,+2,+2,+2
1864,421,i47.png,Readable,0,-1,+1,-1,+1,+1,+2,+1,+1,-1,+1,-1
1915,556,i47.png,Readable,+2,+2,+2,+2,+2,+2,+2,+2,+2,+2,+2,+2
2034,817,i47.png,Readable,+2,+2,0,+2,+2,+2,+2,+2,+2,+2,+2,+2
2191,570,i47.png,Readable,+2,+2,-1,+2,+2,+2,+2,+2,+2,0,+2,+2
2215,654,i47.png,Readable,+2,+2,0,+2,+2,+2,+2,+2,+2,+2,+2,+2
2234,706,i47.png,Readable,+2,+2,+1,+1,+1,+1,+2,+1,+2,+2,+2,+1
58,287,i49.png,Readable,+2,+1,0,-1,+1,+1,0,+1,-2,0,+1,0
276,718,i49.png,Readable,+1,+1,0,+1,+2,+2,+2,+2,+2,+2,+2,+2
349,851,i49.png,Unreadable,0,-1,+2,-1,+1,+1,+1,+1,-1,+1,-1,+1
623,670,i49.png,Readable,+1,+1,0,0,+1,+1,+1,+2,0,0,+1,+1
644,709,i49.png,Unreadable,-2,-2,-2,-1,-2,-1,-1,-1,-2,-2,-2,-1
763,179,i49.png,Readable,0,0,0,-1,-2,-1,0,0,0,0,-2,0
913,529,i49.png,Readable,+1,+1,-1,+1,+1,+1,+1,0,+1,+1,+1,+1
1049,817,i49.png,Unreadable,0,-2,+2,-2,+1,-2,0,0,-2,-2,+1,0
1209,421,i49.png,Unreadable,-1,-1,+1,-1,+1,-1,-1,-1,-1,-1,-1,-1
1296,635,i49.png,Readable,+1,-2,+1,-2,+1,+1,+1,+2,+1,+1,+1,0
1382,803,i49.png,Unreadable,0,-2,+2,-2,-1,-2,0,-2,-2,-2,-2,+2
1499,326,i49.png,Readable,+1,0,+1,-1,+1,+2,+1,+1,+1,0,+1,+1
1872,438,i49.png,Unreadable,-2,-2,+1,+1,+1,-2,-2,+2,-2,-1,0,-1
2158,454,i49.png,Unreadable,+1,0,+1,-1,0,-1,0,+2,+1,0,+1,+1
2309,220,i49.png,Readable,+1,+1,+2,-2,0,+2,0,+2,0,0,+1,+2
2318,266,i49.png,Readable,+2,+2,0,+1,+1,+2,+2,+2,0,+1,+1,0
12,188,i5.png,Readable,+1,-2,+1,-1,+1,-2,-2,+2,-2,-1,+2,+2
34,229,i5.png,Readable,+2,+2,0,+1,+2,+2,0,+2,0,0,0,0
241,662,i5.png,Readable,-1,+2,0,+2,+1,-1,-1,+2,-2,0,+1,+1
268,706,i5.png,Unreadable,-1,+1,+1,-1,+1,-1,-1,+1,+2,0,-1,-1
316,795,i5.png,Readable,0,0,-1,0,+2,0,-1,+2,-2,-1,+1,0
383,908,i5.png,Readable,+1,+1,0,+2,+2,+2,+2,+2,-2,+2,0,0
706,827,i5.png,Readable,0,-1,+1,-1,+1,0,-1,+1,-2,-1,+1,+1
798,257,i5.png,Readable,+1,+2,+1,+2,+2,+2,+2,+2,-1,-1,+2,+2
799,258,i5.png,Unreadable,+2,0,+2,-1,0,-2,+1,+2,-2,-2,+2,+2
808,284,i5.png,Readable,+1,+1,0,+2,+2,0,0,+1,0,0,+1,0
833,360,i5.png,Readable,+1,-1,+1,+2,+2,+1,+1,0,0,-2,+1,0
1017,742,i5.png,Readable,+1,+1,+1,0,+1,0,0,+1,0,0,+1,+1
1085,891,i5.png,Readable,+2,-1,0,+2,+2,-1,0,+2,0,0,-1,0
1262,554,i5.png,Unreadable,+2,-1,+2,+1,-1,-1,0,+1,-2,-2,-1,0
1301,644,i5.png,Readable,+2,+2,+1,+1,+1,+1,+1,+1,+1,+1,+1,+1
1347,722,i5.png,Readable,+1,+1,0,+2,+2,+1,+1,+1,0,0,0,+1
1447,179,i5.png,Readable,0,0,-1,0,-2,-1,-1,0,-1,0,-2,0
1624,639,i5.png,Readable,-1,+1,0,+1,+1,0,-1,+2,-2,-1,+1,-1
1626,641,i5.png,Readable,+1,+2,+1,+2,+2,+2,+2,+2,0,+1,+2,+2
1964,669,i5.png,Unreadable,+1,+1,+2,+1,+1,-1,-1,+1,-1,-2,-1,0
2066,885,i5.png,Unreadable,0,-1,+2,-2,0,-1,0,-1,-1,-1,-1,-1
77,335,i51.png,Unreadable,+1,0,+1,0,0,0,+1,+2,0,-1,-2,-2
296,750,i51.png,Readable,+1,+1,+1,+1,+2,0,0,0,0,+1,+1,+2
327,816,i51.png,Readable,+2,+1,+2,+1,+1,0,+1,+2,0,0,+2,+2
552,521,i51.png,Readable,+2,+2,+1,+1,0,0,+2,+2,0,0,-1,+1
757,166,i51.png,Readable,+1,+1,0,+1,+1,0,+1,+1,0,+1,+1,+1
794,248,i51.png,Readable,-1,+2,+2,-2,+2,+1,-1,+1,+1,+1,+1,-1
824,338,i51.png,Unreadable,-1,-2,+1,-1,+1,-2,-1,+1,0,-2,+1,0
980,677,i51.png,Readable,+1,+1,+1,-2,+1,+1,+1,+1,-2,-1,+1,+1
981,680,i51.png,Readable,+2,+2,0,+2,+2,+2,+2,+2,+1,+1,+1,+2
983,685,i51.png,Readable,0,-2,+2,0,0,+1,0,-2,-2,0,+2,+1
1142,252,i51.png,Unreadable,+1,+1,+1,-1,+1,0,0,0,0,0,+1,0
1185,370,i51.png,Readable,+2,+2,0,+1,+2,+2,+1,+2,+1,+1,+1,0
1500,333,i51.png,Readable,+1,-1,+2,-1,+1,0,+1,+2,0,-1,-1,+1
1519,376,i51.png,Readable,+1,+1,0,+1,+1,+1,+1,+1,+1,+1,+1,+1
1564,483,i51.png,Readable,-1,+1,+1,+1,0,0,+1,+1,+1,+1,+1,+2
1608,611,i51.png,Readable,+2,+2,+1,+1,+2,+2,-1,+1,0,0,+2,+2
2053,851,i51.png,Readable,+2,+1,+1,+1,+1,0,+1,+1,-2,-1,0,0
2231,697,i51.png,Readable,0,0,0,0,0,0,0,0,0,0,0,0
2294,900,i51.png,Readable,+1,+1,+1,0,+2,0,-1,+2,0,+1,+2,+1
2368,706,i51.png,Unreadable,+1,+2,+2,-2,+1,+1,+1,+1,0,-1,+1,+1
35,234,i52.png,Unreadable,+1,-1,+1,+1,0,-1,0,-1,-2,-1,-1,-1
373,893,i52.png,Readable,+1,+1,-1,+2,0,+1,+1,+1,+1,+1,+1,+1
471,356,i52.png,Readable,+1,0,0,+2,+1,-1,0,+1,0,0,+1,+1
564,555,i52.png,Unreadable,+2,-2,+1,-2,-2,-2,-1,+2,0,-2,+1,0
596,632,i52.png,Readable,+1,+2,+1,-1,0,0,+1,-2,-2,-2,+1,0
675,773,i52.png,Readable,+1,0,+1,+1,0,-1,+2,0,+2,+2,0,-1
691,802,i52.png,Readable,0,+1,+1,+1,+1,+1,+1,+1,0,0,+1,+1
818,319,i52.png,Readable,+2,0,+2,0,+1,+1,0,-1,-1,-2,-1,+2
867,428,i52.png,Unreadable,+1,+1,+2,-2,-1,-2,+1,+1,-2,-1,-1,-1
1039,796,i52.png,Readable,+1,+1,-1,+1,0,-1,+1,-2,0,-1,-2,0
1070,857,i52.png,Readable,+1,+1,+1,+1,+1,-1,-1,+1,-1,-1,+1,-1
1219,438,i52.png,Readable,+1,-1,0,+1,0,-1,+2,-2,-2,-1,-1,+1
1237,488,i52.png,Unreadable,+2,+2,0,+2,+2,+2,+2,+1,-2,0,+2,+2
1365,769,i52.png,Readable,+1,-1,0,+1,0,-1,+1,+1,+1,0,0,+1
1419,882,i52.png,Readable,+2,+2,0,+2,+2,+1,+2,0,0,0,+1,+1
1443,174,i52.png,Readable,-1,0,-1,0,0,-2,0,+1,0,-1,+1,0
1814,299,i52.png,Readable,0,+2,+2,+2,+2,0,+2,-1,-1,+2,-1,-1
2014,775,i52.png,Unreadable,0,0,0,0,0,0,0,0,0,0,0,0
2022,790,i52.png,Unreadable,+2,-2,+2,-2,-2,-2,0,-2,-2,-2,-2,+2
2044,836,i52.png,Unreadable,0,0,+1,-1,0,-2,0,-2,-2,-2,-2,0
2195,582,i52.png,Readable,0,+2,+1,+1,-2,-2,+1,-2,+1,+1,-1,+1
2248,754,i52.png,Readable,+2,0,+1,+2,+2,0,0,0,-2,-2,-1,0
2487,844,i52.png,Unreadable,+2,-2,+2,+2,+2,-2,-2,+2,-2,-2,-2,+2
135,443,i53.png,Unreadable,0,-1,+2,-1,0,-1,0,-1,-1,-1,0,0
252,676,i53.png,Readable,0,+1,0,0,0,0,0,+1,+1,+1,+1,0
427,247,i53.png,Unreadable,-2,-2,+2,-2,+2,-2,-2,-2,+1,-1,+1,-2
469,352,i53.png,Readable,+1,+1,+1,+1,+1,-1,0,+1,+1,+1,+1,0
520,451,i53.png,Readable,+1,+1,+1,+2,+2,+2,+1,+2,+2,+2,+2,+2
607,650,i53.png,Readable,+1,-1,+1,-1,-1,-2,-1,+1,0,0,+1,+1
616,661,i53.png,Readable,+1,+1,+1,+1,+1,+1,+1,+1,+1,+1,+1,+1
660,729,i53.png,Readable,0,+1,+2,+1,0,-1,+1,+1,+1,-1,+1,+1
725,860,i53.png,Readable,+1,+1,0,+1,+1,-2,+2,-1,+1,+1,0,0
783,223,i53.png,Unreadable,+1,+1,-1,-1,+1,-1,+1,-1,+1,+1,+1,+1
999,715,i53.png,Readable,-1,0,0,-1,0,-1,0,0,+1,0,-1,0
1003,719,i53.png,Unreadable,-1,+1,+2,-1,-1,-1,-1,0,-1,-1,0,0
1029,777,i53.png,Unreadable,-1,-1,+1,-1,-1,-2,0,-1,+2,-1,-1,0
1604,595,i53.png,Readable,-1,-1,0,0,0,0,+1,-1,-1,0,0,-1
1799,253,i53.png,Readable,0,+1,0,0,0,0,+1,+1,+1,0,0,0
1819,317,i53.png,Readable,+1,+1,0,0,+1,0,+1,+1,0,+2,+2,+2
1824,333,i53.png,Unreadable,0,-1,0,+1,0,+1,+1,+1,+2,+2,0,-2
1883,469,i53.png,Unreadable,0,-1,+1,-1,0,-1,0,-1,-1,-1,+1,0
2021,784,i53.png,Readable,+1,+1,+1,+1,+2,+1,0,0,0,+1,+1,+1
2328,388,i53.png,Readable,-2,+1,+2,-1,+1,-2,-2,-1,+1,-1,+1,+2
45,255,i54.png,Readable,-1,+1,0,+2,+2,-2,-2,+2,-2,-2,-2,+2
166,510,i54.png,Readable,+2,-1,+1,-1,-1,+1,+1,+2,+2,+2,+2,+2
174,521,i54.png,Readable,+1,+1,0,-1,0,0,-1,+2,+1,+1,-1,+1
410,212,i54.png,Readable,+2,+2,0,0,+2,+2,+2,+2,0,0,+2,-1
555,524,i54.png,Readable,+2,+2,-1,+2,+2,0,+1,+2,-1,+1,+2,+2
637,696,i54.png,Unreadable,-1,-1,0,0,0,0,0,0,0,0,0,0
792,243,i54.png,Readable,+1,+1,0,0,+1,-1,+1,+1,-1,0,0,+1
848,389,i54.png,Unreadable,+2,+1,-2,-1,+1,-2,-1,+2,-1,0,+2,+2
856,406,i54.png,Readable,-1,-1,-1,-1,+1,+1,+1,-1,-1,-1,+1,+1
1073,860,i54.png,Readable,+1,+1,+1,-1,+1,-1,+1,+2,-1,-2,0,0
1106,174,i54.png,Unreadable,0,-1,+1,0,0,-2,-1,0,-1,-1,0,0
1215,431,i54.png,Unreadable,0,+2,-2,0,0,0,0,-1,-1,0,0,0
1561,473,i54.png,Readable,+1,+1,-2,0,+1,0,-1,+1,0,-1,+1,-1
1599,579,i54.png,Readable,+2,+2,0,+1,+2,0,-1,+2,0,0,+2,+2
1618,629,i54.png,Readable,+2,+2,-2,-1,+1,+1,+1,+2,-2,+1,+2,+2
1674,724,i54.png,Unreadable,+1,0,-2,-2,-2,-2,-1,+2,+2,+2,-1,-2
1700,784,i54.png,Readable,+1,+1,+1,+1,+2,+1,+1,+1,0,+1,+1,+1
2032,812,i54.png,Readable,+1,-1,-2,-1,+1,0,+1,+1,0,0,0,0
78,336,i56.png,Readable,+1,+1,+1,+1,+2,+2,+1,+1,0,0,+1,+1
156,485,i56.png,Unreadable,-1,-1,+1,-2,-1,-1,+1,0,-2,-2,+1,0
194,578,i56.png,Unreadable,0,+2,+2,-2,+1,0,+2,-2,0,-2,+2,+2
570,574,i56.png,Readable,+2,-2,+2,+2,-2,+2,-2,+2,-2,-2,-2,+2
760,176,i56.png,Readable,-2,-1,-1,-1,-2,-2,-1,-1,0,-1,0,-2
784,224,i56.png,Unreadable,-2,-2,+2,-2,-2,-2,-2,-1,-2,-2,-1,-2
1159,300,i56.png,Unreadable,+1,-1,+2,-2,-1,0,+1,+1,0,-1,+1,+1
1351,726,i56.png,Unreadable,-1,-1,+2,-2,0,-1,0,0,+1,+1,0,0
1581,523,i56.png,Readable,+2,+1,0,+2,+2,+2,+1,-2,+2,0,+2,0
1710,810,i56.png,Readable,-1,-1,+2,+2,+2,-1,-1,-1,+2,+2,+1,+1
2061,874,i56.png,Readable,+1,+1,0,+1,+1,+1,+1,+1,+1,+1,+1,+1
2142,391,i56.png,Readable,0,0,0,0,0,0,0,0,0,0,0,0
2237,716,i56.png,Unreadable,0,-1,0,-2,0,-2,0,0,+1,0,+2,+2
2247,746,i56.png,Readable,+1,+1,0,+1,+1,+1,+1,0,0,+1,+1,+1
2293,899,i56.png,Readable,0,0,+1,+1,+1,+1,+2,+1,0,+2,0,+1
2451,900,i56.png,Unreadable,0,-1,+2,-1,+1,-1,0,0,0,-1,0,-1
82,342,i57.png,Unreadable,+1,-2,+2,-2,-2,-1,-2,-1,-2,-2,+1,+2
197,584,i57.png,Unreadable,-2,-2,+2,-2,+2,-2,-2,-2,-2,-2,-2,-2
299,763,i57.png,Readable,+1,+2,+2,+2,+2,+2,+1,+2,-2,-1,+1,0
377,900,i57.png,Unreadable,-1,-1,+1,-2,+1,0,-2,-1,-2,-2,+1,+2
391,166,i57.png,Unreadable,+1,+1,+1,-1,+1,0,0,+1,-1,-1,+1,0
422,234,i57.png,Unreadable,-2,-2,0,-2,-2,-2,-2,0,-2,-2,-2,-1
428,248,i57.png,Readable,+1,+2,+1,+2,+2,+1,-1,-1,-1,+2,+1,+1
467,347,i57.png,Unreadable,+1,+2,0,0,0,+1,+1,-1,-2,-2,+1,+2
525,465,i57.png,Unreadable,-2,-2,0,-2,-2,-2,-1,-1,-1,-1,-1,+2
722,857,i57.png,Readable,-1,+1,+1,-1,+1,-1,+1,+1,+1,+1,+1,-1
724,859,i57.png,Readable,+1,0,+2,-1,+1,+2,0,+2,+1,0,+1,+2
769,194,i57.png,Readable,+1,+1,+1,-1,+1,-1,+1,+1,-1,-1,+1,+1
772,203,i57.png,Unreadable,-2,-1,+1,+1,+1,+1,+1,+1,+1,-1,0,0
823,336,i57.png,Readable,0,+1,0,+1,+1,+1,0,+1,0,+1,+1,+1
863,421,i57.png,Unreadable,-1,-1,+1,+1,+1,-1,-1,-1,-1,-1,-1,-1
946,626,i57.png,Unreadable,-2,-2,-2,-1,-1,-1,-2,-1,+1,+1,+1,-2
1233,476,i57.png,Unreadable,-1,-2,0,-2,-2,-1,-1,+1,-1,-2,0,+1
1309,658,i57.png,Readable,+2,+2,+1,-1,+2,+1,+1,+2,0,0,0,0
1633,655,i57.png,Unreadable,+1,-1,+2,-2,+1,-2,-2,0,-2,-1,+1,+1
1741,875,i57.png,Unreadable,+2,+1,+2,-2,+2,0,0,-1,-2,-2,+2,+2
1938,623,i57.png,Readable,+2,+2,+2,+2,+2,+2,+2,+2,0,0,+2,+2
2136,369,i57.png,Readable,+2,+2,+2,+2,+2,+2,0,+1,+2,+2,+2,+2
108,391,i58.png,Readable,0,+2,0,+2,+2,+1,+1,+1,-2,-2,+1,+1
141,461,i58.png,Readable,0,0,0,+1,0,0,0,0,0,+1,0,+1
256,683,i58.png,Readable,0,+1,0,+2,+2,+2,+1,+2,0,+2,+1,-1
270,709,i58.png,Unreadable,-1,-1,-1,-1,-1,-1,0,-1,-2,-2,-2,-2
390,926,i58.png,Unreadable,0,+1,+2,-1,0,0,0,-2,-2,-2,-2,0
1172,339,i58.png,Readable,+2,+1,+1,+1,+1,+1,0,+1,0,0,+1,0
1506,344,i58.png,Unreadable,+2,+1,+2,-1,+1,+1,+2,0,+1,-1,+1,+1
1593,563,i58.png,Readable,+2,+2,0,+2,+2,+2,+2,+2,+2,+1,+2,+2
1745,885,i58.png,Unreadable,-1,0,+2,-1,0,-2,-2,-2,-2,-2,-1,0
1906,525,i58.png,Readable,0,-1,+2,-1,0,+1,0,-1,0,0,0,+1
2276,843,i58.png,Readable,+2,-2,+2,+2,+2,+2,+1,-2,-2,+2,+1,+2
2453,205,i58.png,Unreadable,+1,-2,+2,-2,-2,-2,-2,-2,-2,-2,-2,+1
145,468,i59.png,Readable,+2,+2,+1,+2,+1,0,+1,0,+2,+1,+2,-1
207,611,i59.png,Readable,-1,0,+1,-1,+2,0,-1,+2,-1,-1,+2,+1
444,284,i59.png,Unreadable,-1,-1,+1,0,+1,-1,-1,0,-1,-1,+1,-1
480,370,i59.png,Readable,+1,+1,0,-1,+1,0,0,+1,+1,+1,+1,0
490,389,i59.png,Unreadable,+2,-1,+2,0,0,-1,-1,+2,-1,-1,+1,+2
723,858,i59.png,Readable,0,+1,+1,0,0,0,0,0,0,0,0,0
806,274,i59.png,Readable,-1,+2,-1,+1,+1,0,+1,+1,+2,+2,+1,+2
1163,317,i59.png,Unreadable,+2,-1,+2,-1,+1,0,-1,+1,0,0,+2,+2
1190,382,i59.png,Unreadable,-2,-2,+1,-1,+1,-2,-2,-1,-1,-2,-1,0
1264,556,i59.png,Readable,-1,+1,-1,-1,+1,-1,+1,+1,-1,-1,-1,-1
1393,825,i59.png,Readable,-1,0,+2,-1,+2,0,-1,+1,-1,-1,+1,+1
1462,218,i59.png,Readable,0,+1,0,0,0,+1,+1,+1,0,0,+1,+1
1488,287,i59.png,Readable,+1,+1,0,+1,+1,+1,+1,+2,0,+1,+2,+1
1665,712,i59.png,Unreadable,0,-1,+1,0,-1,-1,-1,0,0,+1,0,0
1701,790,i59.png,Unreadable,+1,-1,+1,-2,-2,-2,0,0,-2,-2,+1,+2
1742,879,i59.png,Unreadable,0,0,0,0,0,0,0,0,0,0,0,0
1779,198,i59.png,Unreadable,+1,-2,+2,-2,-1,-2,-2,0,-2,-2,-2,-2
1837,364,i59.png,Readable,+2,+2,0,+2,+2,+2,+2,+2,+2,+2,+2,+2
1925,584,i59.png,Unreadable,-2,-2,+2,-2,+2,-2,-2,0,-2,-2,-2,-2
2367,697,i59.png,Unreadable,0,0,0,0,0,0,0,0,0,0,0,0
6,178,i6.png,Readable,0,+2,+1,+1,+2,+1,-1,+2,-2,-1,-1,+2
274,716,i6.png,Readable,-1,+1,0,+2,+2,+2,+1,+2,+2,+2,+2,0
448,299,i6.png,Readable,+1,+2,0,+2,+2,0,0,+2,+1,0,-1,-1
567,563,i6.png,Readable,+2,+2,0,+1,0,+1,+1,+2,+2,+2,+2,+2
590,622,i6.png,Readable,+2,+2,0,+2,+2,+2,+2,+2,+2,+2,+2,0
936,602,i6.png,Readable,-1,+2,+1,+2,+2,-2,0,+2,-1,-2,+2,+2
961,651,i6.png,Readable,+2,+1,+1,+1,0,+1,+1,+1,+1,+1,+1,+1
1036,790,i6.png,Readable,+2,+2,0,+1,+1,+1,0,+2,-2,+1,+1,+2
1325,685,i6.png,Readable,+2,+1,+2,+1,0,+2,+2,+2,+2,+1,+2,+2
1338,709,i6.png,Readable,+2,+1,+1,+1,+1,+1,+1,+1,+1,+1,+1,-1
1341,715,i6.png,Readable,+2,+1,0,+1,0,0,+1,+1,0,+1,0,+1
1484,273,i6.png,Readable,+2,+2,0,+2,+2,+1,+2,+2,0,+1,+1,+1
1656,696,i6.png,Unreadable,0,0,0,0,0,0,0,0,0,0,0,0
1738,872,i6.png,Readable,+1,+2,0,+2,+2,+2,+1,+1,0,+2,+1,+2
1826,336,i6.png,Readable,+1,+1,+1,+1,+1,+1,+1,+1,+1,+1,+1,+1
1953,650,i6.png,Readable,+2,+2,0,+2,+2,+2,+2,+2,+2,+2,+2,+2
2104,234,i6.png,Readable,+2,+2,0,+2,+2,+2,+2,+2,+2,+2,+2,0
2107,243,i6.png,Readable,+2,+2,0,+2,+2,+2,+2,+1,+1,+1,+2,+1
2129,342,i6.png,Readable,+1,+2,+1,-1,0,0,+1,+1,0,+1,+1,+1
2383,812,i6.png,Readable,+2,+2,0,+2,+2,+2,+2,+2,+2,+2,+2,+2
93,364,i60.png,Readable,+2,+2,0,+2,+2,+2,+2,+2,-1,+2,+2,+2
611,655,i60.png,Readable,-1,+1,-1,+1,+1,-1,-2,+1,+1,+1,+1,+1
634,689,i60.png,Readable,-1,+1,0,+2,+2,+1,0,+1,+1,+1,0,0
659,728,i60.png,Unreadable,-2,-2,+1,-2,-2,-2,-2,-1,-2,-2,-2,-2
921,558,i60.png,Unreadable,-2,-1,0,+1,+1,-2,-2,0,-1,-1,+1,0
931,588,i60.png,Readable,+1,+1,-2,+2,+2,0,0,-1,+1,0,0,0
1009,726,i60.png,Readable,0,+1,-1,0,0,-1,-1,0,+1,0,0,0
1152,273,i60.png,Readable,0,+1,0,0,+2,-1,+1,+2,0,0,+1,+1
1281,611,i60.png,Readable,-2,0,0,0,+1,+1,-1,-1,0,+1,-1,+1
1346,720,i60.png,Unreadable,-2,-2,-2,-2,-2,-2,-2,-2,0,-2,0,0
1480,262,i60.png,Readable,+1,+2,-1,+2,+2,-1,+1,+1,-2,+1,+1,0
1534,409,i60.png,Readable,-1,-1,-1,+1,+1,-1,-1,+1,+1,+2,+1,+1
1670,719,i60.png,Readable,-1,-1,0,-1,-1,0,0,0,+1,+1,+1,0
1697,781,i60.png,Readable,-2,+2,0,0,0,-2,-2,+2,0,+1,+1,+1
2109,253,i60.png,Readable,0,+1,0,+1,+1,-1,+1,0,0,-1,0,0
2186,544,i60.png,Readable,0,+1,0,+1,+1,+1,+1,+1,0,+1,+1,+1
2359,650,i60.png,Readable,-1,0,0,+2,0,0,-1,0,+1,+2,+1,+1
260,689,i64.png,Readable,0,+1,+1,-1,+2,0,0,0,+1,+1,+1,+1
762,178,i64.png,Readable,-2,+1,+2,-2,+2,0,-2,+2,-1,-2,+1,+1
890,483,i64.png,Readable,+2,+1,+1,+2,0,+1,+1,+2,+2,+1,+1,+2
900,510,i64.png,Unreadable,+1,0,+2,+2,0,0,-1,+2,0,0,+1,+1
1098,909,i64.png,Unreadable,-1,-1,+1,-1,-1,-1,-1,0,0,-1,-1,-1
1285,619,i64.png,Readable,+1,+1,+1,+1,+2,+1,0,+1,+2,-1,+1,+1
1968,674,i64.png,Readable,-2,-2,+1,-2,-2,-2,-2,-1,+1,+1,+1,-1
2085,926,i64.png,Readable,-1,0,+2,-2,+1,-2,-2,0,-2,-1,-1,+1
2165,471,i64.png,Unreadable,-1,-1,+1,0,+1,-2,-2,+2,-1,+1,+1,+1
2172,490,i64.png,Unreadable,0,-1,-1,0,-1,0,-1,0,0,0,0,0
2320,287,i64.png,Readable,+2,+2,0,0,0,+1,+1,+1,0,+1,+1,+2
2329,395,i64.png,Readable,-1,-1,+2,-1,+1,+1,+1,+1,+1,-1,+1,0
2401,198,i64.png,Unreadable,0,-2,+2,-2,-2,-2,-2,+1,-2,-2,-2,-2
2488,850,i64.png,Readable,0,-2,+1,-1,+1,-1,0,+2,+1,+1,+1,+2
159,490,i7.png,Unreadable,-2,-2,+1,-2,-2,-2,-2,+1,-1,-2,+1,0
178,525,i7.png,Unreadable,+1,-2,+2,-2,-2,-2,-2,+1,-2,-2,+1,+2
485,379,i7.png,Readable,+1,+1,-1,+1,-1,-1,-1,+1,-1,-1,-1,-1
578,593,i7.png,Readable,0,0,0,0,0,0,0,0,0,0,0,0
588,619,i7.png,Readable,+1,+1,+1,+1,+2,+1,0,+1,+2,-1,+1,+1
653,722,i7.png,Readable,+2,+2,0,+1,+2,+2,+2,+2,+1,+2,+1,+2
654,723,i7.png,Readable,-1,+1,+1,+1,0,-1,-2,0,0,0,0,+1
668,750,i7.png,Readable,+1,+1,+1,+1,+2,0,0,0,0,+1,+1,+2
837,365,i7.png,Readable,+1,+1,+2,-2,-1,-1,-1,+1,0,-1,-1,-1
883,467,i7.png,Readable,0,0,0,0,0,-2,-1,0,0,+1,0,0
1314,666,i7.png,Unreadable,-2,-2,+2,+2,+1,+1,-2,+2,-2,+1,+2,0
1562,476,i7.png,Readable,+1,+1,0,-1,+1,+1,+2,+1,+2,-1,0,+1
1921,575,i7.png,Readable,+1,0,0,-2,+1,-1,+1,+1,+2,0,+1,+2
2291,895,i7.png,Unreadable,-1,0,+1,0,+1,-1,0,0,0,0,+1,+1
2486,843,i7.png,Readable,-2,+1,0,+2,+1,-2,+1,-2,-2,+2,+2,+2
83,344,i8.png,Readable,+2,+1,+2,-1,+1,+1,+2,+2,+1,-1,+1,+1
235,655,i8.png,Unreadable,-1,-2,+1,-2,+2,-2,+2,+2,-2,0,+1,-1
257,685,i8.png,Readable,0,0,+2,-2,0,0,+2,+2,-2,0,+1,0
1044,807,i8.png,Unreadable,-2,-2,+2,-1,+2,+2,+1,-2,-2,-2,-1,+2
1113,186,i8.png,Unreadable,0,+1,0,0,0,0,0,+1,-2,0,0,-1
1135,234,i8.png,Readable,+2,+2,+1,-2,+2,+2,+1,+1,-1,-2,+2,0
1217,436,i8.png,Readable,-1,+2,+1,+2,+1,-1,-1,-2,-2,-2,+2,+2
1502,336,i8.png,Readable,+1,+1,0,+1,+1,0,+1,+1,+1,0,0,+1
1645,673,i8.png,Readable,+2,+2,+2,+2,+2,+2,+2,+2,+2,+2,+2,+2
1655,695,i8.png,Readable,+1,+1,+2,-2,-1,-1,+1,-1,-2,-2,+1,0
1949,641,i8.png,Readable,+2,+1,+2,+2,+2,+2,+2,+2,+2,+2,+2,+2
1985,709,i8.png,Readable,+1,-1,+1,-1,-1,-1,-1,-1,-1,-1,-1,-1
2244,729,i8.png,Readable,+1,+1,+1,+1,+1,0,+1,0,-2,-1,+1,+1
2342,485,i8.png,Readable,+2,+2,0,+2,+2,+2,+2,+2,+2,+2,+2,+2
2360,669,i8.png,Unreadable,+1,+1,+2,+2,+1,-2,+1,0,-1,-1,+1,0
2392,858,i8.png,Readable,-1,0,+1,0,0,-1,-1,+1,0,0,0,-1
2406,243,i8.png,Readable,+1,+1,+1,0,+1,+1,+1,+1,-1,0,0,-1
3,174,i9.png,Readable,+1,+2,0,+2,+1,+2,0,+1,-1,+2,+2,+1
107,389,i9.png,Readable,+1,+2,0,+2,+2,+2,+1,+2,-1,+2,+2,+1
128,429,i9.png,Readable,+2,+1,+1,+2,+1,+1,+1,+1,+1,+1,+2,+1
284,727,i9.png,Readable,+1,+2,0,+2,+1,+2,0,-1,0,+1,0,0
324,810,i9.png,Readable,+1,-2,+1,-2,+2,+1,+1,+1,-2,+1,-1,+1
521,454,i9.png,Readable,+1,+2,0,+2,+2,+2,+1,+1,+2,+2,+2,+2
774,209,i9.png,Readable,0,-1,+1,-1,-1,0,0,0,0,+1,0,0
908,522,i9.png,Readable,+1,+1,0,+2,+2,+1,0,+1,+1,+1,+1,+1
951,634,i9.png,Readable,+2,+2,-2,+1,+1,+1,+1,0,+1,+1,+1,+2
1082,882,i9.png,Readable,+2,+2,+1,+2,+1,+2,+2,+2,+2,+2,+2,+1
1100,913,i9.png,Readable,+2,+2,+2,+2,+2,+2,+2,+2,-2,+2,+2,+2
1236,485,i9.png,Readable,+2,+2,0,+2,+2,+2,+2,+2,0,+2,+2,+2
1258,536,i9.png,Unreadable,0,+2,+2,+2,+2,+2,-1,+2,+2,+2,+2,+2
1407,851,i9.png,Readable,0,+1,0,+2,+1,+2,+1,+1,-1,+2,0,+1
1446,178,i9.png,Readable,+2,+2,0,+2,+2,+2,+2,+2,+2,+2,+2,+2
1948,640,i9.png,Readable,+2,+2,0,+2,+2,+2,+2,+2,+2,+2,+2,+2
2045,837,i9.png,Readable,-2,-2,0,0,0,-1,-1,0,0,-1,-1,0
2322,317,i9.png,Readable,+2,+2,0,+2,+2,+2,+2,+2,-1,+2,+2,+2
2396,896,i9.png,Readable,+2,+2,0,+2,+2,+2,+2,+2,-2,+2,+2,+2
2409,265,i9.png,Unreadable,-1,-1,+1,-1,0,0,-1,0,-1,0,0,0
2421,461,i9.png,Readable,0,+1,0,+1,+1,+2,+1,+1,-1,+1,+1,+1