dataset,task_id,raw_score,normalized_score,scale_min,scale_max,score_source
mbjp,MBJP/1,3.0,0.5,1.0,5.0,readability_score
mbjp,MBJP/10,4.5,0.875,1.0,5.0,readability_score
mbjp,MBJP/11,4.0,0.75,1.0,5.0,readability_score
mbjp,MBJP/12,2.0,0.25,1.0,5.0,readability_score
mbjp,MBJP/14,4.5,0.875,1.0,5.0,readability_score
mbjp,MBJP/17,2.0,0.25,1.0,5.0,readability_score
mbjp,MBJP/18,4.5,0.875,1.0,5.0,readability_score
mbjp,MBJP/19,5.0,1.0,1.0,5.0,readability_score
mbjp,MBJP/2,4.5,0.875,1.0,5.0,readability_score
mbjp,MBJP/21,2.5,0.375,1.0,5.0,readability_score
mbjp,MBJP/22,5.0,1.0,1.0,5.0,readability_score
mbjp,MBJP/3,5.0,1.0,1.0,5.0,readability_score
mbjp,MBJP/4,3.0,0.5,1.0,5.0,readability_score
mbjp,MBJP/6,2.5,0.375,1.0,5.0,readability_score
mbjp,MBJP/7,3.5,0.625,1.0,5.0,readability_score
mbjp,MBJP/8,1.0,0.0,1.0,5.0,readability_score
mbjp,MBJP/9,1.5,0.125,1.0,5.0,readability_score
buse,Buse/1,2.9917355371900825,0.4979338842975206,1.0,5.0,readability_score
buse,Buse/2,3.743801652892562,0.6859504132231405,1.0,5.0,readability_score
buse,Buse/3,2.6942148760330578,0.42355371900826444,1.0,5.0,readability_score
buse,Buse/4,4.033057851239669,0.7582644628099173,1.0,5.0,readability_score
buse,Buse/5,4.190082644628099,0.7975206611570247,1.0,5.0,readability_score
buse,Buse/6,2.190082644628099,0.2975206611570248,1.0,5.0,readability_score
buse,Buse/7,3.628099173553719,0.6570247933884298,1.0,5.0,readability_score
buse,Buse/8,2.8595041322314048,0.4648760330578512,1.0,5.0,readability_score
buse,Buse/9,4.132231404958677,0.7830578512396693,1.0,5.0,readability_score
buse,Buse/10,3.347107438016529,0.5867768595041323,1.0,5.0,readability_score
buse,Buse/11,3.644628099173554,0.6611570247933884,1.0,5.0,readability_score
buse,Buse/12,3.5371900826446283,0.6342975206611571,1.0,5.0,readability_score
buse,Buse/13,3.041322314049587,0.5103305785123967,1.0,5.0,readability_score
buse,Buse/14,4.049586776859504,0.7623966942148761,1.0,5.0,readability_score
buse,Buse/15,1.834710743801653,0.20867768595041325,1.0,5.0,readability_score
buse,Buse/16,2.9008264462809916,0.4752066115702479,1.0,5.0,readability_score
buse,Buse/17,3.7355371900826446,0.6838842975206612,1.0,5.0,readability_score
buse,Buse/18,2.4710743801652892,0.3677685950413223,1.0,5.0,readability_score
buse,Buse/19,3.553719008264463,0.6384297520661157,1.0,5.0,readability_score
buse,Buse/20,3.2644628099173554,0.5661157024793388,1.0,5.0,readability_score
buse,Buse/21,3.727272727272727,0.6818181818181818,1.0,5.0,readability_score
buse,Buse/22,2.7355371900826446,0.43388429752066116,1.0,5.0,readability_score
buse,Buse/23,3.9338842975206614,0.7334710743801653,1.0,5.0,readability_score
buse,Buse/24,3.479338842975207,0.6198347107438017,1.0,5.0,readability_score
buse,Buse/25,2.0991735537190084,0.2747933884297521,1.0,5.0,readability_score
buse,Buse/26,2.3884297520661155,0.3471074380165289,1.0,5.0,readability_score
buse,Buse/27,3.7520661157024793,0.6880165289256198,1.0,5.0,readability_score
buse,Buse/28,2.8677685950413223,0.4669421487603306,1.0,5.0,readability_score
buse,Buse/29,3.9421487603305785,0.7355371900826446,1.0,5.0,readability_score
buse,Buse/30,2.793388429752066,0.44834710743801653,1.0,5.0,readability_score
buse,Buse/31,3.2644628099173554,0.5661157024793388,1.0,5.0,readability_score
buse,Buse/32,4.223140495867769,0.8057851239669422,1.0,5.0,readability_score
buse,Buse/33,4.016528925619835,0.7541322314049588,1.0,5.0,readability_score
buse,Buse/34,4.347107438016529,0.8367768595041323,1.0,5.0,readability_score
buse,Buse/35,2.0082644628099175,0.2520661157024794,1.0,5.0,readability_score
buse,Buse/36,2.5454545454545454,0.38636363636363635,1.0,5.0,readability_score
buse,Buse/37,2.5785123966942147,0.3946280991735537,1.0,5.0,readability_score
buse,Buse/38,2.7768595041322315,0.44421487603305787,1.0,5.0,readability_score
buse,Buse/39,2.9669421487603307,0.49173553719008267,1.0,5.0,readability_score
buse,Buse/40,2.909090909090909,0.4772727272727273,1.0,5.0,readability_score
buse,Buse/41,2.4214876033057853,0.3553719008264463,1.0,5.0,readability_score
buse,Buse/42,3.0826446280991737,0.5206611570247934,1.0,5.0,readability_score
buse,Buse/43,3.2892561983471076,0.5723140495867769,1.0,5.0,readability_score
buse,Buse/44,4.074380165289257,0.7685950413223142,1.0,5.0,readability_score
buse,Buse/45,3.84297520661157,0.7107438016528925,1.0,5.0,readability_score
buse,Buse/46,3.760330578512397,0.6900826446280992,1.0,5.0,readability_score
buse,Buse/47,3.87603305785124,0.71900826446281,1.0,5.0,readability_score
buse,Buse/48,3.9338842975206614,0.7334710743801653,1.0,5.0,readability_score
buse,Buse/49,4.049586776859504,0.7623966942148761,1.0,5.0,readability_score
buse,Buse/50,4.1652892561983474,0.7913223140495869,1.0,5.0,readability_score
buse,Buse/51,3.9173553719008263,0.7293388429752066,1.0,5.0,readability_score
buse,Buse/52,2.644628099173554,0.41115702479338845,1.0,5.0,readability_score
buse,Buse/53,2.727272727272727,0.43181818181818177,1.0,5.0,readability_score
buse,Buse/54,3.603305785123967,0.6508264462809917,1.0,5.0,readability_score
buse,Buse/55,2.71900826446281,0.4297520661157025,1.0,5.0,readability_score
buse,Buse/56,3.6115702479338845,0.6528925619834711,1.0,5.0,readability_score
buse,Buse/57,3.603305785123967,0.6508264462809917,1.0,5.0,readability_score
buse,Buse/58,2.4132231404958677,0.35330578512396693,1.0,5.0,readability_score
buse,Buse/59,3.8264462809917354,0.7066115702479339,1.0,5.0,readability_score
buse,Buse/60,3.884297520661157,0.7210743801652892,1.0,5.0,readability_score
buse,Buse/61,3.7768595041322315,0.6942148760330579,1.0,5.0,readability_score
buse,Buse/62,3.4710743801652892,0.6177685950413223,1.0,5.0,readability_score
buse,Buse/63,2.652892561983471,0.4132231404958677,1.0,5.0,readability_score
buse,Buse/64,3.5950413223140494,0.6487603305785123,1.0,5.0,readability_score
buse,Buse/65,3.2148760330578514,0.5537190082644629,1.0,5.0,readability_score
buse,Buse/66,2.603305785123967,0.40082644628099173,1.0,5.0,readability_score
buse,Buse/67,4.016528925619835,0.7541322314049588,1.0,5.0,readability_score
buse,Buse/68,3.3636363636363638,0.5909090909090909,1.0,5.0,readability_score
buse,Buse/69,2.925619834710744,0.48140495867768596,1.0,5.0,readability_score
buse,Buse/70,2.4049586776859506,0.35123966942148765,1.0,5.0,readability_score
buse,Buse/71,3.6942148760330578,0.6735537190082644,1.0,5.0,readability_score
buse,Buse/72,2.8595041322314048,0.4648760330578512,1.0,5.0,readability_score
buse,Buse/73,3.3801652892561984,0.5950413223140496,1.0,5.0,readability_score
buse,Buse/74,3.809917355371901,0.7024793388429752,1.0,5.0,readability_score
buse,Buse/75,3.396694214876033,0.5991735537190083,1.0,5.0,readability_score
buse,Buse/76,3.487603305785124,0.621900826446281,1.0,5.0,readability_score
buse,Buse/77,2.727272727272727,0.43181818181818177,1.0,5.0,readability_score
buse,Buse/78,2.2975206611570247,0.3243801652892562,1.0,5.0,readability_score
buse,Buse/79,3.347107438016529,0.5867768595041323,1.0,5.0,readability_score
buse,Buse/80,4.148760330578512,0.7871900826446281,1.0,5.0,readability_score
buse,Buse/81,3.9338842975206614,0.7334710743801653,1.0,5.0,readability_score
buse,Buse/82,4.0,0.75,1.0,5.0,readability_score
buse,Buse/83,2.768595041322314,0.4421487603305785,1.0,5.0,readability_score
buse,Buse/84,3.9421487603305785,0.7355371900826446,1.0,5.0,readability_score
buse,Buse/85,3.603305785123967,0.6508264462809917,1.0,5.0,readability_score
buse,Buse/86,2.644628099173554,0.41115702479338845,1.0,5.0,readability_score
buse,Buse/87,2.87603305785124,0.46900826446280997,1.0,5.0,readability_score
buse,Buse/88,3.231404958677686,0.5578512396694215,1.0,5.0,readability_score
buse,Buse/89,4.289256198347108,0.8223140495867769,1.0,5.0,readability_score
buse,Buse/90,3.355371900826446,0.5888429752066116,1.0,5.0,readability_score
buse,Buse/91,2.090909090909091,0.2727272727272727,1.0,5.0,readability_score
buse,Buse/92,3.3636363636363638,0.5909090909090909,1.0,5.0,readability_score
buse,Buse/93,2.355371900826446,0.33884297520661155,1.0,5.0,readability_score
buse,Buse/94,4.074380165289257,0.7685950413223142,1.0,5.0,readability_score
buse,Buse/95,3.190082644628099,0.5475206611570248,1.0,5.0,readability_score
buse,Buse/96,3.809917355371901,0.7024793388429752,1.0,5.0,readability_score
buse,Buse/97,2.909090909090909,0.4772727272727273,1.0,5.0,readability_score
buse,Buse/98,3.0082644628099175,0.5020661157024794,1.0,5.0,readability_score
buse,Buse/99,2.958677685950413,0.4896694214876033,1.0,5.0,readability_score
buse,Buse/100,2.1322314049586777,0.2830578512396694,1.0,5.0,readability_score
scalabrino,Scalabrio1,4.222222222222222,0.8055555555555556,1.0,5.0,readability_score
scalabrino,Scalabrio2,3.5555555555555554,0.6388888888888888,1.0,5.0,readability_score
scalabrino,Scalabrio3,3.5555555555555554,0.6388888888888888,1.0,5.0,readability_score
scalabrino,Scalabrio4,4.333333333333333,0.8333333333333333,1.0,5.0,readability_score
scalabrino,Scalabrio5,4.0,0.75,1.0,5.0,readability_score
scalabrino,Scalabrio6,4.555555555555555,0.8888888888888888,1.0,5.0,readability_score
scalabrino,Scalabrio7,3.0,0.5,1.0,5.0,readability_score
scalabrino,Scalabrio8,3.111111111111111,0.5277777777777778,1.0,5.0,readability_score
scalabrino,Scalabrio9,3.7777777777777777,0.6944444444444444,1.0,5.0,readability_score
scalabrino,Scalabrio10,3.2222222222222223,0.5555555555555556,1.0,5.0,readability_score
scalabrino,Scalabrio11,4.0,0.75,1.0,5.0,readability_score
scalabrino,Scalabrio12,3.3333333333333335,0.5833333333333334,1.0,5.0,readability_score
scalabrino,Scalabrio13,3.5555555555555554,0.6388888888888888,1.0,5.0,readability_score
scalabrino,Scalabrio14,3.5555555555555554,0.6388888888888888,1.0,5.0,readability_score
scalabrino,Scalabrio15,2.6666666666666665,0.41666666666666663,1.0,5.0,readability_score
scalabrino,Scalabrio16,4.444444444444445,0.8611111111111112,1.0,5.0,readability_score
scalabrino,Scalabrio17,3.6666666666666665,0.6666666666666666,1.0,5.0,readability_score
scalabrino,Scalabrio18,4.0,0.75,1.0,5.0,readability_score
scalabrino,Scalabrio19,4.0,0.75,1.0,5.0,readability_score
scalabrino,Scalabrio20,3.888888888888889,0.7222222222222222,1.0,5.0,readability_score
scalabrino,Scalabrio21,4.0,0.75,1.0,5.0,readability_score
scalabrino,Scalabrio22,4.555555555555555,0.8888888888888888,1.0,5.0,readability_score
scalabrino,Scalabrio23,3.2222222222222223,0.5555555555555556,1.0,5.0,readability_score
scalabrino,Scalabrio24,3.6666666666666665,0.6666666666666666,1.0,5.0,readability_score
scalabrino,Scalabrio25,4.222222222222222,0.8055555555555556,1.0,5.0,readability_score
scalabrino,Scalabrio26,3.2222222222222223,0.5555555555555556,1.0,5.0,readability_score
scalabrino,Scalabrio27,3.7777777777777777,0.6944444444444444,1.0,5.0,readability_score
scalabrino,Scalabrio28,2.3333333333333335,0.33333333333333337,1.0,5.0,readability_score
scalabrino,Scalabrio29,3.6666666666666665,0.6666666666666666,1.0,5.0,readability_score
scalabrino,Scalabrio30,3.4444444444444446,0.6111111111111112,1.0,5.0,readability_score
scalabrino,Scalabrio31,3.2222222222222223,0.5555555555555556,1.0,5.0,readability_score
scalabrino,Scalabrio32,4.333333333333333,0.8333333333333333,1.0,5.0,readability_score
scalabrino,Scalabrio33,4.0,0.75,1.0,5.0,readability_score
scalabrino,Scalabrio34,2.5555555555555554,0.38888888888888884,1.0,5.0,readability_score
scalabrino,Scalabrio35,4.222222222222222,0.8055555555555556,1.0,5.0,readability_score
scalabrino,Scalabrio36,2.2222222222222223,0.3055555555555556,1.0,5.0,readability_score
scalabrino,Scalabrio37,3.7777777777777777,0.6944444444444444,1.0,5.0,readability_score
scalabrino,Scalabrio38,4.222222222222222,0.8055555555555556,1.0,5.0,readability_score
scalabrino,Scalabrio39,4.777777777777778,0.9444444444444444,1.0,5.0,readability_score
scalabrino,Scalabrio40,4.222222222222222,0.8055555555555556,1.0,5.0,readability_score
scalabrino,Scalabrio41,4.111111111111111,0.7777777777777777,1.0,5.0,readability_score
scalabrino,Scalabrio42,4.666666666666667,0.9166666666666667,1.0,5.0,readability_score
scalabrino,Scalabrio43,2.888888888888889,0.4722222222222222,1.0,5.0,readability_score
scalabrino,Scalabrio44,4.0,0.75,1.0,5.0,readability_score
scalabrino,Scalabrio45,4.333333333333333,0.8333333333333333,1.0,5.0,readability_score
scalabrino,Scalabrio46,3.3333333333333335,0.5833333333333334,1.0,5.0,readability_score
scalabrino,Scalabrio47,3.6666666666666665,0.6666666666666666,1.0,5.0,readability_score
scalabrino,Scalabrio48,4.111111111111111,0.7777777777777777,1.0,5.0,readability_score
scalabrino,Scalabrio49,2.7777777777777777,0.4444444444444444,1.0,5.0,readability_score
scalabrino,Scalabrio50,3.111111111111111,0.5277777777777778,1.0,5.0,readability_score
scalabrino,Scalabrio51,3.4444444444444446,0.6111111111111112,1.0,5.0,readability_score
scalabrino,Scalabrio52,4.0,0.75,1.0,5.0,readability_score
scalabrino,Scalabrio53,4.222222222222222,0.8055555555555556,1.0,5.0,readability_score
scalabrino,Scalabrio54,4.111111111111111,0.7777777777777777,1.0,5.0,readability_score
scalabrino,Scalabrio55,4.222222222222222,0.8055555555555556,1.0,5.0,readability_score
scalabrino,Scalabrio56,3.3333333333333335,0.5833333333333334,1.0,5.0,readability_score
scalabrino,Scalabrio57,3.5555555555555554,0.6388888888888888,1.0,5.0,readability_score
scalabrino,Scalabrio58,3.5555555555555554,0.6388888888888888,1.0,5.0,readability_score
scalabrino,Scalabrio59,3.7777777777777777,0.6944444444444444,1.0,5.0,readability_score
scalabrino,Scalabrio60,3.888888888888889,0.7222222222222222,1.0,5.0,readability_score
scalabrino,Scalabrio61,3.888888888888889,0.7222222222222222,1.0,5.0,readability_score
scalabrino,Scalabrio62,3.3333333333333335,0.5833333333333334,1.0,5.0,readability_score
scalabrino,Scalabrio63,4.0,0.75,1.0,5.0,readability_score
scalabrino,Scalabrio64,3.888888888888889,0.7222222222222222,1.0,5.0,readability_score
scalabrino,Scalabrio65,4.555555555555555,0.8888888888888888,1.0,5.0,readability_score
scalabrino,Scalabrio66,3.4444444444444446,0.6111111111111112,1.0,5.0,readability_score
scalabrino,Scalabrio67,4.666666666666667,0.9166666666666667,1.0,5.0,readability_score
scalabrino,Scalabrio68,2.888888888888889,0.4722222222222222,1.0,5.0,readability_score
scalabrino,Scalabrio69,3.0,0.5,1.0,5.0,readability_score
scalabrino,Scalabrio70,3.2222222222222223,0.5555555555555556,1.0,5.0,readability_score
scalabrino,Scalabrio71,3.5555555555555554,0.6388888888888888,1.0,5.0,readability_score
scalabrino,Scalabrio72,3.2222222222222223,0.5555555555555556,1.0,5.0,readability_score
scalabrino,Scalabrio73,4.555555555555555,0.8888888888888888,1.0,5.0,readability_score
scalabrino,Scalabrio74,1.8888888888888888,0.2222222222222222,1.0,5.0,readability_score
scalabrino,Scalabrio75,3.888888888888889,0.7222222222222222,1.0,5.0,readability_score
scalabrino,Scalabrio76,4.444444444444445,0.8611111111111112,1.0,5.0,readability_score
scalabrino,Scalabrio77,4.444444444444445,0.8611111111111112,1.0,5.0,readability_score
scalabrino,Scalabrio78,3.7777777777777777,0.6944444444444444,1.0,5.0,readability_score
scalabrino,Scalabrio79,4.333333333333333,0.8333333333333333,1.0,5.0,readability_score
scalabrino,Scalabrio80,3.6666666666666665,0.6666666666666666,1.0,5.0,readability_score
scalabrino,Scalabrio81,4.333333333333333,0.8333333333333333,1.0,5.0,readability_score
scalabrino,Scalabrio82,3.7777777777777777,0.6944444444444444,1.0,5.0,readability_score
scalabrino,Scalabrio83,3.4444444444444446,0.6111111111111112,1.0,5.0,readability_score
scalabrino,Scalabrio84,2.888888888888889,0.4722222222222222,1.0,5.0,readability_score
scalabrino,Scalabrio85,3.888888888888889,0.7222222222222222,1.0,5.0,readability_score
scalabrino,Scalabrio86,4.0,0.75,1.0,5.0,readability_score
scalabrino,Scalabrio87,3.2222222222222223,0.5555555555555556,1.0,5.0,readability_score
scalabrino,Scalabrio88,3.6666666666666665,0.6666666666666666,1.0,5.0,readability_score
scalabrino,Scalabrio89,2.888888888888889,0.4722222222222222,1.0,5.0,readability_score
scalabrino,Scalabrio90,3.6666666666666665,0.6666666666666666,1.0,5.0,readability_score
scalabrino,Scalabrio91,4.222222222222222,0.8055555555555556,1.0,5.0,readability_score
scalabrino,Scalabrio92,4.555555555555555,0.8888888888888888,1.0,5.0,readability_score
scalabrino,Scalabrio93,3.6666666666666665,0.6666666666666666,1.0,5.0,readability_score
scalabrino,Scalabrio94,3.2222222222222223,0.5555555555555556,1.0,5.0,readability_score
scalabrino,Scalabrio95,3.888888888888889,0.7222222222222222,1.0,5.0,readability_score
scalabrino,Scalabrio96,3.111111111111111,0.5277777777777778,1.0,5.0,readability_score
scalabrino,Scalabrio97,2.7777777777777777,0.4444444444444444,1.0,5.0,readability_score
scalabrino,Scalabrio98,3.0,0.5,1.0,5.0,readability_score
scalabrino,Scalabrio99,3.2222222222222223,0.5555555555555556,1.0,5.0,readability_score
scalabrino,Scalabrio100,3.6666666666666665,0.6666666666666666,1.0,5.0,readability_score
scalabrino,Scalabrio101,3.3333333333333335,0.5833333333333334,1.0,5.0,readability_score
scalabrino,Scalabrio102,3.3333333333333335,0.5833333333333334,1.0,5.0,readability_score
scalabrino,Scalabrio103,3.888888888888889,0.7222222222222222,1.0,5.0,readability_score
scalabrino,Scalabrio104,3.888888888888889,0.7222222222222222,1.0,5.0,readability_score
scalabrino,Scalabrio105,3.888888888888889,0.7222222222222222,1.0,5.0,readability_score
scalabrino,Scalabrio106,3.5555555555555554,0.6388888888888888,1.0,5.0,readability_score
scalabrino,Scalabrio107,3.888888888888889,0.7222222222222222,1.0,5.0,readability_score
scalabrino,Scalabrio108,3.3333333333333335,0.5833333333333334,1.0,5.0,readability_score
scalabrino,Scalabrio109,3.0,0.5,1.0,5.0,readability_score
scalabrino,Scalabrio110,3.5555555555555554,0.6388888888888888,1.0,5.0,readability_score
scalabrino,Scalabrio111,3.0,0.5,1.0,5.0,readability_score
scalabrino,Scalabrio112,3.888888888888889,0.7222222222222222,1.0,5.0,readability_score
scalabrino,Scalabrio113,4.111111111111111,0.7777777777777777,1.0,5.0,readability_score
scalabrino,Scalabrio114,4.666666666666667,0.9166666666666667,1.0,5.0,readability_score
scalabrino,Scalabrio115,3.3333333333333335,0.5833333333333334,1.0,5.0,readability_score
scalabrino,Scalabrio116,3.5555555555555554,0.6388888888888888,1.0,5.0,readability_score
scalabrino,Scalabrio117,3.5555555555555554,0.6388888888888888,1.0,5.0,readability_score
scalabrino,Scalabrio118,3.888888888888889,0.7222222222222222,1.0,5.0,readability_score
scalabrino,Scalabrio119,4.111111111111111,0.7777777777777777,1.0,5.0,readability_score
scalabrino,Scalabrio120,3.888888888888889,0.7222222222222222,1.0,5.0,readability_score
scalabrino,Scalabrio121,3.3333333333333335,0.5833333333333334,1.0,5.0,readability_score
scalabrino,Scalabrio122,3.2222222222222223,0.5555555555555556,1.0,5.0,readability_score
scalabrino,Scalabrio123,4.666666666666667,0.9166666666666667,1.0,5.0,readability_score
scalabrino,Scalabrio124,3.2222222222222223,0.5555555555555556,1.0,5.0,readability_score
scalabrino,Scalabrio125,2.888888888888889,0.4722222222222222,1.0,5.0,readability_score
scalabrino,Scalabrio126,3.111111111111111,0.5277777777777778,1.0,5.0,readability_score
scalabrino,Scalabrio127,2.7777777777777777,0.4444444444444444,1.0,5.0,readability_score
scalabrino,Scalabrio128,3.3333333333333335,0.5833333333333334,1.0,5.0,readability_score
scalabrino,Scalabrio129,4.111111111111111,0.7777777777777777,1.0,5.0,readability_score
scalabrino,Scalabrio130,3.2222222222222223,0.5555555555555556,1.0,5.0,readability_score
scalabrino,Scalabrio131,3.3333333333333335,0.5833333333333334,1.0,5.0,readability_score
scalabrino,Scalabrio132,2.888888888888889,0.4722222222222222,1.0,5.0,readability_score
scalabrino,Scalabrio133,4.555555555555555,0.8888888888888888,1.0,5.0,readability_score
scalabrino,Scalabrio134,3.7777777777777777,0.6944444444444444,1.0,5.0,readability_score
scalabrino,Scalabrio135,2.6666666666666665,0.41666666666666663,1.0,5.0,readability_score
scalabrino,Scalabrio136,3.6666666666666665,0.6666666666666666,1.0,5.0,readability_score
scalabrino,Scalabrio137,3.0,0.5,1.0,5.0,readability_score
scalabrino,Scalabrio138,3.7777777777777777,0.6944444444444444,1.0,5.0,readability_score
scalabrino,Scalabrio139,4.111111111111111,0.7777777777777777,1.0,5.0,readability_score
scalabrino,Scalabrio140,2.4444444444444446,0.36111111111111116,1.0,5.0,readability_score
scalabrino,Scalabrio141,4.333333333333333,0.8333333333333333,1.0,5.0,readability_score
scalabrino,Scalabrio142,3.111111111111111,0.5277777777777778,1.0,5.0,readability_score
scalabrino,Scalabrio143,3.3333333333333335,0.5833333333333334,1.0,5.0,readability_score
scalabrino,Scalabrio144,4.888888888888889,0.9722222222222223,1.0,5.0,readability_score
scalabrino,Scalabrio145,3.888888888888889,0.7222222222222222,1.0,5.0,readability_score
scalabrino,Scalabrio146,2.7777777777777777,0.4444444444444444,1.0,5.0,readability_score
scalabrino,Scalabrio147,3.4444444444444446,0.6111111111111112,1.0,5.0,readability_score
scalabrino,Scalabrio148,3.0,0.5,1.0,5.0,readability_score
scalabrino,Scalabrio149,2.888888888888889,0.4722222222222222,1.0,5.0,readability_score
scalabrino,Scalabrio150,4.777777777777778,0.9444444444444444,1.0,5.0,readability_score
scalabrino,Scalabrio151,4.555555555555555,0.8888888888888888,1.0,5.0,readability_score
scalabrino,Scalabrio152,4.111111111111111,0.7777777777777777,1.0,5.0,readability_score
scalabrino,Scalabrio153,4.333333333333333,0.8333333333333333,1.0,5.0,readability_score
scalabrino,Scalabrio154,3.0,0.5,1.0,5.0,readability_score
scalabrino,Scalabrio155,2.888888888888889,0.4722222222222222,1.0,5.0,readability_score
scalabrino,Scalabrio156,3.2222222222222223,0.5555555555555556,1.0,5.0,readability_score
scalabrino,Scalabrio157,2.5555555555555554,0.38888888888888884,1.0,5.0,readability_score
scalabrino,Scalabrio158,2.6666666666666665,0.41666666666666663,1.0,5.0,readability_score
scalabrino,Scalabrio159,3.6666666666666665,0.6666666666666666,1.0,5.0,readability_score
scalabrino,Scalabrio160,4.333333333333333,0.8333333333333333,1.0,5.0,readability_score
scalabrino,Scalabrio161,3.5555555555555554,0.6388888888888888,1.0,5.0,readability_score
scalabrino,Scalabrio162,2.6666666666666665,0.41666666666666663,1.0,5.0,readability_score
scalabrino,Scalabrio163,2.888888888888889,0.4722222222222222,1.0,5.0,readability_score
scalabrino,Scalabrio164,4.222222222222222,0.8055555555555556,1.0,5.0,readability_score
scalabrino,Scalabrio165,4.333333333333333,0.8333333333333333,1.0,5.0,readability_score
scalabrino,Scalabrio166,3.6666666666666665,0.6666666666666666,1.0,5.0,readability_score
scalabrino,Scalabrio167,2.7777777777777777,0.4444444444444444,1.0,5.0,readability_score
scalabrino,Scalabrio168,4.555555555555555,0.8888888888888888,1.0,5.0,readability_score
scalabrino,Scalabrio169,4.222222222222222,0.8055555555555556,1.0,5.0,readability_score
scalabrino,Scalabrio170,3.111111111111111,0.5277777777777778,1.0,5.0,readability_score
scalabrino,Scalabrio171,3.888888888888889,0.7222222222222222,1.0,5.0,readability_score
scalabrino,Scalabrio172,3.6666666666666665,0.6666666666666666,1.0,5.0,readability_score
scalabrino,Scalabrio173,2.7777777777777777,0.4444444444444444,1.0,5.0,readability_score
scalabrino,Scalabrio174,3.4444444444444446,0.6111111111111112,1.0,5.0,readability_score
scalabrino,Scalabrio175,4.0,0.75,1.0,5.0,readability_score
scalabrino,Scalabrio176,3.5555555555555554,0.6388888888888888,1.0,5.0,readability_score
scalabrino,Scalabrio177,2.888888888888889,0.4722222222222222,1.0,5.0,readability_score
scalabrino,Scalabrio178,3.2222222222222223,0.5555555555555556,1.0,5.0,readability_score
scalabrino,Scalabrio179,3.2222222222222223,0.5555555555555556,1.0,5.0,readability_score
scalabrino,Scalabrio180,2.3333333333333335,0.33333333333333337,1.0,5.0,readability_score
scalabrino,Scalabrio181,2.5555555555555554,0.38888888888888884,1.0,5.0,readability_score
scalabrino,Scalabrio182,3.3333333333333335,0.5833333333333334,1.0,5.0,readability_score
scalabrino,Scalabrio183,3.5555555555555554,0.6388888888888888,1.0,5.0,readability_score
scalabrino,Scalabrio184,4.222222222222222,0.8055555555555556,1.0,5.0,readability_score
scalabrino,Scalabrio185,3.888888888888889,0.7222222222222222,1.0,5.0,readability_score
scalabrino,Scalabrio186,3.5555555555555554,0.6388888888888888,1.0,5.0,readability_score
scalabrino,Scalabrio187,4.444444444444445,0.8611111111111112,1.0,5.0,readability_score
scalabrino,Scalabrio188,3.888888888888889,0.7222222222222222,1.0,5.0,readability_score
scalabrino,Scalabrio189,3.5555555555555554,0.6388888888888888,1.0,5.0,readability_score
scalabrino,Scalabrio190,3.7777777777777777,0.6944444444444444,1.0,5.0,readability_score
scalabrino,Scalabrio191,4.444444444444445,0.8611111111111112,1.0,5.0,readability_score
scalabrino,Scalabrio192,3.111111111111111,0.5277777777777778,1.0,5.0,readability_score
scalabrino,Scalabrio193,3.7777777777777777,0.6944444444444444,1.0,5.0,readability_score
scalabrino,Scalabrio194,3.111111111111111,0.5277777777777778,1.0,5.0,readability_score
scalabrino,Scalabrio195,3.3333333333333335,0.5833333333333334,1.0,5.0,readability_score
scalabrino,Scalabrio196,2.5555555555555554,0.38888888888888884,1.0,5.0,readability_score
scalabrino,Scalabrio197,3.0,0.5,1.0,5.0,readability_score
scalabrino,Scalabrio198,3.0,0.5,1.0,5.0,readability_score
scalabrino,Scalabrio199,3.6666666666666665,0.6666666666666666,1.0,5.0,readability_score
scalabrino,Scalabrio200,3.2222222222222223,0.5555555555555556,1.0,5.0,readability_score
dorn,Dorn/cuda/0,2.4595744680851066,0.36489361702127665,1.0,5.0,readability_score
dorn,Dorn/cuda/1,2.4608695652173913,0.3652173913043478,1.0,5.0,readability_score
dorn,Dorn/cuda/2,2.9434782608695653,0.48586956521739133,1.0,5.0,readability_score
dorn,Dorn/cuda/3,2.542222222222222,0.38555555555555554,1.0,5.0,readability_score
dorn,Dorn/cuda/4,3.7533632286995515,0.6883408071748879,1.0,5.0,readability_score
dorn,Dorn/cuda/5,3.528888888888889,0.6322222222222222,1.0,5.0,readability_score
dorn,Dorn/cuda/6,2.257510729613734,0.31437768240343344,1.0,5.0,readability_score
dorn,Dorn/cuda/7,2.689243027888446,0.4223107569721115,1.0,5.0,readability_score
dorn,Dorn/cuda/8,4.0494296577946765,0.7623574144486691,1.0,5.0,readability_score
dorn,Dorn/cuda/9,3.3333333333333335,0.5833333333333334,1.0,5.0,readability_score
dorn,Dorn/cuda/10,2.377952755905512,0.344488188976378,1.0,5.0,readability_score
dorn,Dorn/cuda/11,2.243801652892562,0.31095041322314054,1.0,5.0,readability_score
dorn,Dorn/cuda/12,3.120331950207469,0.5300829875518672,1.0,5.0,readability_score
dorn,Dorn/cuda/13,3.4698275862068964,0.6174568965517241,1.0,5.0,readability_score
dorn,Dorn/cuda/14,3.0324074074074074,0.5081018518518519,1.0,5.0,readability_score
dorn,Dorn/cuda/15,3.0562770562770565,0.5140692640692641,1.0,5.0,readability_score
dorn,Dorn/cuda/16,1.71900826446281,0.1797520661157025,1.0,5.0,readability_score
dorn,Dorn/cuda/17,3.2459016393442623,0.5614754098360656,1.0,5.0,readability_score
dorn,Dorn/cuda/18,3.0655737704918034,0.5163934426229508,1.0,5.0,readability_score
dorn,Dorn/cuda/19,3.6844262295081966,0.6711065573770492,1.0,5.0,readability_score
dorn,Dorn/cuda/20,2.2896825396825395,0.3224206349206349,1.0,5.0,readability_score
dorn,Dorn/cuda/21,3.310861423220974,0.5777153558052435,1.0,5.0,readability_score
dorn,Dorn/cuda/22,3.3016528925619837,0.5754132231404959,1.0,5.0,readability_score
dorn,Dorn/cuda/23,2.4959016393442623,0.3739754098360656,1.0,5.0,readability_score
dorn,Dorn/cuda/24,1.2625482625482625,0.06563706563706562,1.0,5.0,readability_score
dorn,Dorn/cuda/25,1.8345864661654134,0.20864661654135336,1.0,5.0,readability_score
dorn,Dorn/cuda/26,3.5907335907335907,0.6476833976833977,1.0,5.0,readability_score
dorn,Dorn/cuda/27,3.282442748091603,0.5706106870229007,1.0,5.0,readability_score
dorn,Dorn/cuda/28,3.45748987854251,0.6143724696356275,1.0,5.0,readability_score
dorn,Dorn/cuda/29,2.9606299212598426,0.49015748031496065,1.0,5.0,readability_score
dorn,Dorn/cuda/30,2.301158301158301,0.32528957528957525,1.0,5.0,readability_score
dorn,Dorn/cuda/31,3.6470588235294117,0.6617647058823529,1.0,5.0,readability_score
dorn,Dorn/cuda/32,2.3828125,0.345703125,1.0,5.0,readability_score
dorn,Dorn/cuda/33,2.6091954022988504,0.4022988505747126,1.0,5.0,readability_score
dorn,Dorn/cuda/34,2.1653225806451615,0.29133064516129037,1.0,5.0,readability_score
dorn,Dorn/cuda/35,2.6509803921568627,0.41274509803921566,1.0,5.0,readability_score
dorn,Dorn/cuda/36,2.7598425196850394,0.43996062992125984,1.0,5.0,readability_score
dorn,Dorn/cuda/37,3.25531914893617,0.5638297872340425,1.0,5.0,readability_score
dorn,Dorn/cuda/38,1.7100840336134453,0.17752100840336132,1.0,5.0,readability_score
dorn,Dorn/cuda/39,3.6049382716049383,0.6512345679012346,1.0,5.0,readability_score
dorn,Dorn/cuda/40,4.072,0.768,1.0,5.0,readability_score
dorn,Dorn/cuda/41,4.044715447154472,0.7611788617886179,1.0,5.0,readability_score
dorn,Dorn/cuda/42,2.933054393305439,0.4832635983263598,1.0,5.0,readability_score
dorn,Dorn/cuda/43,2.586206896551724,0.39655172413793105,1.0,5.0,readability_score
dorn,Dorn/cuda/44,3.004424778761062,0.5011061946902655,1.0,5.0,readability_score
dorn,Dorn/cuda/45,2.6404958677685952,0.4101239669421488,1.0,5.0,readability_score
dorn,Dorn/cuda/46,2.6515837104072397,0.41289592760180993,1.0,5.0,readability_score
dorn,Dorn/cuda/47,1.975,0.24375000000000002,1.0,5.0,readability_score
dorn,Dorn/cuda/48,2.9460580912863072,0.4865145228215768,1.0,5.0,readability_score
dorn,Dorn/cuda/49,3.210526315789474,0.5526315789473685,1.0,5.0,readability_score
dorn,Dorn/cuda/50,1.7327935222672064,0.1831983805668016,1.0,5.0,readability_score
dorn,Dorn/cuda/51,2.5041322314049586,0.37603305785123964,1.0,5.0,readability_score
dorn,Dorn/cuda/52,3.5785123966942147,0.6446280991735537,1.0,5.0,readability_score
dorn,Dorn/cuda/53,2.6352459016393444,0.4088114754098361,1.0,5.0,readability_score
dorn,Dorn/cuda/54,3.1092436974789917,0.5273109243697479,1.0,5.0,readability_score
dorn,Dorn/cuda/55,2.092050209205021,0.2730125523012552,1.0,5.0,readability_score
dorn,Dorn/cuda/56,2.125,0.28125,1.0,5.0,readability_score
dorn,Dorn/cuda/57,3.4603174603174605,0.6150793650793651,1.0,5.0,readability_score
dorn,Dorn/cuda/58,2.230188679245283,0.3075471698113208,1.0,5.0,readability_score
dorn,Dorn/cuda/59,3.021505376344086,0.5053763440860215,1.0,5.0,readability_score
dorn,Dorn/cuda/60,3.4126984126984126,0.6031746031746031,1.0,5.0,readability_score
dorn,Dorn/cuda/61,2.797814207650273,0.4494535519125683,1.0,5.0,readability_score
dorn,Dorn/cuda/62,3.581151832460733,0.6452879581151832,1.0,5.0,readability_score
dorn,Dorn/cuda/63,2.4,0.35,1.0,5.0,readability_score
dorn,Dorn/cuda/64,2.1025641025641026,0.27564102564102566,1.0,5.0,readability_score
dorn,Dorn/cuda/65,3.922279792746114,0.7305699481865285,1.0,5.0,readability_score
dorn,Dorn/cuda/66,2.5767195767195767,0.3941798941798942,1.0,5.0,readability_score
dorn,Dorn/cuda/67,2.298429319371728,0.32460732984293195,1.0,5.0,readability_score
dorn,Dorn/cuda/68,3.3846153846153846,0.5961538461538461,1.0,5.0,readability_score
dorn,Dorn/cuda/69,1.702127659574468,0.17553191489361702,1.0,5.0,readability_score
dorn,Dorn/cuda/70,3.6,0.65,1.0,5.0,readability_score
dorn,Dorn/cuda/71,2.7572254335260116,0.4393063583815029,1.0,5.0,readability_score
dorn,Dorn/cuda/72,2.125,0.28125,1.0,5.0,readability_score
dorn,Dorn/cuda/73,3.1951219512195124,0.5487804878048781,1.0,5.0,readability_score
dorn,Dorn/cuda/74,3.3085714285714287,0.5771428571428572,1.0,5.0,readability_score
dorn,Dorn/cuda/75,2.570588235294118,0.39264705882352946,1.0,5.0,readability_score
dorn,Dorn/cuda/76,3.274390243902439,0.5685975609756098,1.0,5.0,readability_score
dorn,Dorn/cuda/77,3.100591715976331,0.5251479289940828,1.0,5.0,readability_score
dorn,Dorn/cuda/78,1.7062146892655368,0.1765536723163842,1.0,5.0,readability_score
dorn,Dorn/cuda/79,2.4678362573099415,0.3669590643274854,1.0,5.0,readability_score
dorn,Dorn/cuda/80,3.0114942528735633,0.5028735632183908,1.0,5.0,readability_score
dorn,Dorn/cuda/81,2.6292134831460676,0.4073033707865169,1.0,5.0,readability_score
dorn,Dorn/cuda/82,2.4043715846994536,0.3510928961748634,1.0,5.0,readability_score
dorn,Dorn/cuda/83,3.0306122448979593,0.5076530612244898,1.0,5.0,readability_score
dorn,Dorn/cuda/84,1.9523809523809523,0.23809523809523808,1.0,5.0,readability_score
dorn,Dorn/cuda/85,3.005181347150259,0.5012953367875648,1.0,5.0,readability_score
dorn,Dorn/cuda/86,2.8010752688172045,0.4502688172043011,1.0,5.0,readability_score
dorn,Dorn/cuda/87,2.7513513513513512,0.4378378378378378,1.0,5.0,readability_score
dorn,Dorn/cuda/88,3.9411764705882355,0.7352941176470589,1.0,5.0,readability_score
dorn,Dorn/cuda/89,2.1470588235294117,0.2867647058823529,1.0,5.0,readability_score
dorn,Dorn/cuda/90,3.863095238095238,0.7157738095238095,1.0,5.0,readability_score
dorn,Dorn/cuda/91,3.4973262032085564,0.6243315508021391,1.0,5.0,readability_score
dorn,Dorn/cuda/92,1.962962962962963,0.24074074074074076,1.0,5.0,readability_score
dorn,Dorn/cuda/93,1.8972972972972972,0.2243243243243243,1.0,5.0,readability_score
dorn,Dorn/cuda/94,3.010362694300518,0.5025906735751295,1.0,5.0,readability_score
dorn,Dorn/cuda/95,3.11,0.5275,1.0,5.0,readability_score
dorn,Dorn/cuda/96,3.7323232323232323,0.6830808080808081,1.0,5.0,readability_score
dorn,Dorn/cuda/97,2.925925925925926,0.4814814814814815,1.0,5.0,readability_score
dorn,Dorn/cuda/98,2.0104166666666665,0.25260416666666663,1.0,5.0,readability_score
dorn,Dorn/cuda/99,3.2063492063492065,0.5515873015873016,1.0,5.0,readability_score
dorn,Dorn/cuda/100,3.075268817204301,0.5188172043010753,1.0,5.0,readability_score
dorn,Dorn/cuda/101,2.994350282485876,0.49858757062146897,1.0,5.0,readability_score
dorn,Dorn/cuda/102,2.8176470588235296,0.4544117647058824,1.0,5.0,readability_score
dorn,Dorn/cuda/103,2.6045197740112993,0.4011299435028248,1.0,5.0,readability_score
dorn,Dorn/cuda/104,2.9415204678362574,0.48538011695906436,1.0,5.0,readability_score
dorn,Dorn/cuda/105,2.867052023121387,0.4667630057803468,1.0,5.0,readability_score
dorn,Dorn/cuda/106,3.4770114942528734,0.6192528735632183,1.0,5.0,readability_score
dorn,Dorn/cuda/107,4.15819209039548,0.78954802259887,1.0,5.0,readability_score
dorn,Dorn/cuda/108,1.6408839779005524,0.1602209944751381,1.0,5.0,readability_score
dorn,Dorn/cuda/109,4.156565656565657,0.7891414141414141,1.0,5.0,readability_score
dorn,Dorn/cuda/110,2.1968911917098444,0.2992227979274611,1.0,5.0,readability_score
dorn,Dorn/cuda/111,3.4120603015075375,0.6030150753768844,1.0,5.0,readability_score
dorn,Dorn/cuda/112,2.533678756476684,0.383419689119171,1.0,5.0,readability_score
dorn,Dorn/cuda/113,2.8624338624338623,0.4656084656084656,1.0,5.0,readability_score
dorn,Dorn/cuda/114,2.0051020408163267,0.2512755102040817,1.0,5.0,readability_score
dorn,Dorn/cuda/115,2.0615384615384613,0.26538461538461533,1.0,5.0,readability_score
dorn,Dorn/cuda/116,3.75,0.6875,1.0,5.0,readability_score
dorn,Dorn/cuda/117,2.9637305699481864,0.4909326424870466,1.0,5.0,readability_score
dorn,Dorn/cuda/118,2.3854748603351954,0.34636871508379885,1.0,5.0,readability_score
dorn,Dorn/cuda/119,3.452127659574468,0.613031914893617,1.0,5.0,readability_score
dorn,Dorn/java/101,3.541832669322709,0.6354581673306773,1.0,5.0,readability_score
dorn,Dorn/java/102,3.234042553191489,0.5585106382978723,1.0,5.0,readability_score
dorn,Dorn/java/103,3.080357142857143,0.5200892857142857,1.0,5.0,readability_score
dorn,Dorn/java/104,3.6324786324786325,0.6581196581196581,1.0,5.0,readability_score
dorn,Dorn/java/105,3.5434782608695654,0.6358695652173914,1.0,5.0,readability_score
dorn,Dorn/java/106,2.936651583710407,0.48416289592760176,1.0,5.0,readability_score
dorn,Dorn/java/107,3.0398230088495577,0.5099557522123894,1.0,5.0,readability_score
dorn,Dorn/java/108,3.7136929460580914,0.6784232365145229,1.0,5.0,readability_score
dorn,Dorn/java/109,3.9923076923076923,0.7480769230769231,1.0,5.0,readability_score
dorn,Dorn/java/110,3.324110671936759,0.5810276679841897,1.0,5.0,readability_score
dorn,Dorn/java/111,3.464,0.616,1.0,5.0,readability_score
dorn,Dorn/java/112,3.745967741935484,0.686491935483871,1.0,5.0,readability_score
dorn,Dorn/java/113,3.1772151898734178,0.5443037974683544,1.0,5.0,readability_score
dorn,Dorn/java/114,3.459016393442623,0.6147540983606558,1.0,5.0,readability_score
dorn,Dorn/java/115,3.4110169491525424,0.6027542372881356,1.0,5.0,readability_score
dorn,Dorn/java/116,3.129032258064516,0.532258064516129,1.0,5.0,readability_score
dorn,Dorn/java/117,2.0458715596330275,0.26146788990825687,1.0,5.0,readability_score
dorn,Dorn/java/118,3.0546218487394956,0.5136554621848739,1.0,5.0,readability_score
dorn,Dorn/java/119,3.321285140562249,0.5803212851405622,1.0,5.0,readability_score
dorn,Dorn/java/120,3.2231404958677685,0.5557851239669421,1.0,5.0,readability_score
dorn,Dorn/java/121,3.1714285714285713,0.5428571428571428,1.0,5.0,readability_score
dorn,Dorn/java/122,3.935483870967742,0.7338709677419355,1.0,5.0,readability_score
dorn,Dorn/java/123,3.865079365079365,0.7162698412698413,1.0,5.0,readability_score
dorn,Dorn/java/124,3.0118577075098814,0.5029644268774703,1.0,5.0,readability_score
dorn,Dorn/java/125,3.6611570247933884,0.6652892561983471,1.0,5.0,readability_score
dorn,Dorn/java/126,3.475806451612903,0.6189516129032258,1.0,5.0,readability_score
dorn,Dorn/java/127,3.1219512195121952,0.5304878048780488,1.0,5.0,readability_score
dorn,Dorn/java/128,4.148,0.7869999999999999,1.0,5.0,readability_score
dorn,Dorn/java/129,3.1875,0.546875,1.0,5.0,readability_score
dorn,Dorn/java/130,4.171875,0.79296875,1.0,5.0,readability_score
dorn,Dorn/java/131,3.2519083969465647,0.5629770992366412,1.0,5.0,readability_score
dorn,Dorn/java/132,3.7056603773584906,0.6764150943396227,1.0,5.0,readability_score
dorn,Dorn/java/133,2.764940239043825,0.4412350597609562,1.0,5.0,readability_score
dorn,Dorn/java/134,3.8793774319066148,0.7198443579766537,1.0,5.0,readability_score
dorn,Dorn/java/135,2.8780487804878048,0.4695121951219512,1.0,5.0,readability_score
dorn,Dorn/java/136,4.127572016460905,0.7818930041152263,1.0,5.0,readability_score
dorn,Dorn/java/137,3.401639344262295,0.6004098360655737,1.0,5.0,readability_score
dorn,Dorn/java/138,3.071129707112971,0.5177824267782427,1.0,5.0,readability_score
dorn,Dorn/java/139,3.57429718875502,0.643574297188755,1.0,5.0,readability_score
dorn,Dorn/java/140,3.207792207792208,0.551948051948052,1.0,5.0,readability_score
dorn,Dorn/java/141,3.5319148936170213,0.6329787234042553,1.0,5.0,readability_score
dorn,Dorn/java/142,3.3836206896551726,0.5959051724137931,1.0,5.0,readability_score
dorn,Dorn/java/143,2.7782608695652176,0.4445652173913044,1.0,5.0,readability_score
dorn,Dorn/java/144,1.9914163090128756,0.2478540772532189,1.0,5.0,readability_score
dorn,Dorn/java/145,3.2297872340425533,0.5574468085106383,1.0,5.0,readability_score
dorn,Dorn/java/146,3.439655172413793,0.6099137931034483,1.0,5.0,readability_score
dorn,Dorn/java/147,3.6535087719298245,0.6633771929824561,1.0,5.0,readability_score
dorn,Dorn/java/148,2.4827586206896552,0.3706896551724138,1.0,5.0,readability_score
dorn,Dorn/java/149,3.1012145748987856,0.5253036437246964,1.0,5.0,readability_score
dorn,Dorn/java/150,3.606425702811245,0.6516064257028112,1.0,5.0,readability_score
dorn,Dorn/java/151,2.7991967871485945,0.44979919678714864,1.0,5.0,readability_score
dorn,Dorn/java/152,2.2674897119341564,0.3168724279835391,1.0,5.0,readability_score
dorn,Dorn/java/153,3.3958333333333335,0.5989583333333334,1.0,5.0,readability_score
dorn,Dorn/java/154,3.54320987654321,0.6358024691358025,1.0,5.0,readability_score
dorn,Dorn/java/155,3.531496062992126,0.6328740157480315,1.0,5.0,readability_score
dorn,Dorn/java/156,3.401639344262295,0.6004098360655737,1.0,5.0,readability_score
dorn,Dorn/java/157,2.676348547717842,0.41908713692946054,1.0,5.0,readability_score
dorn,Dorn/java/158,3.724,0.681,1.0,5.0,readability_score
dorn,Dorn/java/159,3.686991869918699,0.6717479674796748,1.0,5.0,readability_score
dorn,Dorn/java/160,3.9344262295081966,0.7336065573770492,1.0,5.0,readability_score
dorn,Dorn/java/161,3.280632411067194,0.5701581027667985,1.0,5.0,readability_score
dorn,Dorn/java/162,2.612021857923497,0.40300546448087426,1.0,5.0,readability_score
dorn,Dorn/java/163,4.021505376344086,0.7553763440860215,1.0,5.0,readability_score
dorn,Dorn/java/164,2.747422680412371,0.4368556701030928,1.0,5.0,readability_score
dorn,Dorn/java/165,2.751322751322751,0.4378306878306878,1.0,5.0,readability_score
dorn,Dorn/java/166,3.3825136612021858,0.5956284153005464,1.0,5.0,readability_score
dorn,Dorn/java/167,2.764705882352941,0.4411764705882353,1.0,5.0,readability_score
dorn,Dorn/java/168,3.8306878306878307,0.7076719576719577,1.0,5.0,readability_score
dorn,Dorn/java/169,3.727722772277228,0.681930693069307,1.0,5.0,readability_score
dorn,Dorn/java/170,3.4507772020725387,0.6126943005181347,1.0,5.0,readability_score
dorn,Dorn/java/171,3.59375,0.6484375,1.0,5.0,readability_score
dorn,Dorn/java/172,3.4923076923076923,0.6230769230769231,1.0,5.0,readability_score
dorn,Dorn/java/173,2.5851063829787235,0.3962765957446809,1.0,5.0,readability_score
dorn,Dorn/java/174,3.510204081632653,0.6275510204081632,1.0,5.0,readability_score
dorn,Dorn/java/175,3.327777777777778,0.5819444444444445,1.0,5.0,readability_score
dorn,Dorn/java/176,3.82122905027933,0.7053072625698324,1.0,5.0,readability_score
dorn,Dorn/java/177,3.3154761904761907,0.5788690476190477,1.0,5.0,readability_score
dorn,Dorn/java/178,3.269461077844311,0.5673652694610778,1.0,5.0,readability_score
dorn,Dorn/java/179,3.560693641618497,0.6401734104046243,1.0,5.0,readability_score
dorn,Dorn/java/180,2.818713450292398,0.45467836257309946,1.0,5.0,readability_score
dorn,Dorn/java/181,3.3518518518518516,0.5879629629629629,1.0,5.0,readability_score
dorn,Dorn/java/182,3.6809815950920246,0.6702453987730062,1.0,5.0,readability_score
dorn,Dorn/java/183,3.3067484662576687,0.5766871165644172,1.0,5.0,readability_score
dorn,Dorn/java/184,3.8012048192771086,0.7003012048192772,1.0,5.0,readability_score
dorn,Dorn/java/185,3.338888888888889,0.5847222222222223,1.0,5.0,readability_score
dorn,Dorn/java/186,2.790960451977401,0.44774011299435024,1.0,5.0,readability_score
dorn,Dorn/java/187,2.916201117318436,0.479050279329609,1.0,5.0,readability_score
dorn,Dorn/java/188,3.337278106508876,0.584319526627219,1.0,5.0,readability_score
dorn,Dorn/java/189,3.907608695652174,0.7269021739130435,1.0,5.0,readability_score
dorn,Dorn/java/190,3.7329842931937174,0.6832460732984293,1.0,5.0,readability_score
dorn,Dorn/java/191,3.7096774193548385,0.6774193548387096,1.0,5.0,readability_score
dorn,Dorn/java/192,3.44,0.61,1.0,5.0,readability_score
dorn,Dorn/java/193,2.9604519774011298,0.49011299435028244,1.0,5.0,readability_score
dorn,Dorn/java/194,2.7633136094674557,0.44082840236686394,1.0,5.0,readability_score
dorn,Dorn/java/195,3.1277777777777778,0.5319444444444444,1.0,5.0,readability_score
dorn,Dorn/java/196,3.4833333333333334,0.6208333333333333,1.0,5.0,readability_score
dorn,Dorn/java/197,3.382978723404255,0.5957446808510638,1.0,5.0,readability_score
dorn,Dorn/java/198,2.4468085106382977,0.36170212765957444,1.0,5.0,readability_score
dorn,Dorn/java/199,3.7801047120418847,0.6950261780104712,1.0,5.0,readability_score
dorn,Dorn/java/200,3.735,0.68375,1.0,5.0,readability_score
dorn,Dorn/java/201,3.0753768844221105,0.5188442211055276,1.0,5.0,readability_score
dorn,Dorn/java/202,3.479591836734694,0.6198979591836735,1.0,5.0,readability_score
dorn,Dorn/java/203,3.515957446808511,0.6289893617021277,1.0,5.0,readability_score
dorn,Dorn/java/204,2.806451612903226,0.4516129032258065,1.0,5.0,readability_score
dorn,Dorn/java/205,3.016042780748663,0.5040106951871658,1.0,5.0,readability_score
dorn,Dorn/java/206,3.1666666666666665,0.5416666666666666,1.0,5.0,readability_score
dorn,Dorn/java/207,4.1891891891891895,0.7972972972972974,1.0,5.0,readability_score
dorn,Dorn/java/208,4.136842105263158,0.7842105263157895,1.0,5.0,readability_score
dorn,Dorn/java/209,3.5026737967914436,0.6256684491978609,1.0,5.0,readability_score
dorn,Dorn/java/210,2.7650273224043715,0.4412568306010929,1.0,5.0,readability_score
dorn,Dorn/java/211,3.569948186528497,0.6424870466321243,1.0,5.0,readability_score
dorn,Dorn/java/212,3.7451923076923075,0.6862980769230769,1.0,5.0,readability_score
dorn,Dorn/java/213,3.971830985915493,0.7429577464788732,1.0,5.0,readability_score
dorn,Dorn/java/214,3.1372549019607843,0.5343137254901961,1.0,5.0,readability_score
dorn,Dorn/java/215,3.145,0.53625,1.0,5.0,readability_score
dorn,Dorn/java/216,4.243781094527363,0.8109452736318408,1.0,5.0,readability_score
dorn,Dorn/java/217,3.1020408163265305,0.5255102040816326,1.0,5.0,readability_score
dorn,Dorn/java/218,3.3535353535353534,0.5883838383838383,1.0,5.0,readability_score
dorn,Dorn/java/219,3.345744680851064,0.586436170212766,1.0,5.0,readability_score
dorn,Dorn/java/220,3.160220994475138,0.5400552486187845,1.0,5.0,readability_score
dorn,Dorn/java/221,3.9562841530054644,0.7390710382513661,1.0,5.0,readability_score
dorn,Dorn/python/0,3.3487394957983194,0.5871848739495799,1.0,5.0,readability_score
dorn,Dorn/python/1,3.5084745762711864,0.6271186440677966,1.0,5.0,readability_score
dorn,Dorn/python/2,3.6578947368421053,0.6644736842105263,1.0,5.0,readability_score
dorn,Dorn/python/3,3.481818181818182,0.6204545454545455,1.0,5.0,readability_score
dorn,Dorn/python/4,3.3513513513513513,0.5878378378378378,1.0,5.0,readability_score
dorn,Dorn/python/5,3.9188034188034186,0.7297008547008547,1.0,5.0,readability_score
dorn,Dorn/python/6,2.861111111111111,0.4652777777777778,1.0,5.0,readability_score
dorn,Dorn/python/7,2.973684210526316,0.493421052631579,1.0,5.0,readability_score
dorn,Dorn/python/8,3.380566801619433,0.5951417004048583,1.0,5.0,readability_score
dorn,Dorn/python/9,3.677685950413223,0.6694214876033058,1.0,5.0,readability_score
dorn,Dorn/python/10,3.97008547008547,0.7425213675213675,1.0,5.0,readability_score
dorn,Dorn/python/11,4.148305084745763,0.7870762711864407,1.0,5.0,readability_score
dorn,Dorn/python/12,3.937219730941704,0.734304932735426,1.0,5.0,readability_score
dorn,Dorn/python/13,3.391304347826087,0.5978260869565217,1.0,5.0,readability_score
dorn,Dorn/python/14,3.3777777777777778,0.5944444444444444,1.0,5.0,readability_score
dorn,Dorn/python/15,4.161434977578475,0.7903587443946187,1.0,5.0,readability_score
dorn,Dorn/python/16,3.1036036036036037,0.5259009009009009,1.0,5.0,readability_score
dorn,Dorn/python/17,3.403587443946188,0.600896860986547,1.0,5.0,readability_score
dorn,Dorn/python/18,3.7422222222222223,0.6855555555555556,1.0,5.0,readability_score
dorn,Dorn/python/19,2.7509578544061304,0.4377394636015326,1.0,5.0,readability_score
dorn,Dorn/python/20,3.004016064257028,0.501004016064257,1.0,5.0,readability_score
dorn,Dorn/python/21,4.403921568627451,0.8509803921568628,1.0,5.0,readability_score
dorn,Dorn/python/22,4.204081632653061,0.8010204081632653,1.0,5.0,readability_score
dorn,Dorn/python/23,2.925925925925926,0.4814814814814815,1.0,5.0,readability_score
dorn,Dorn/python/24,3.6083333333333334,0.6520833333333333,1.0,5.0,readability_score
dorn,Dorn/python/25,3.45,0.6125,1.0,5.0,readability_score
dorn,Dorn/python/26,3.437007874015748,0.609251968503937,1.0,5.0,readability_score
dorn,Dorn/python/27,4.158301158301159,0.7895752895752897,1.0,5.0,readability_score
dorn,Dorn/python/28,3.5542168674698793,0.6385542168674698,1.0,5.0,readability_score
dorn,Dorn/python/29,3.003846153846154,0.5009615384615385,1.0,5.0,readability_score
dorn,Dorn/python/30,4.096774193548387,0.7741935483870968,1.0,5.0,readability_score
dorn,Dorn/python/31,3.2398373983739837,0.5599593495934959,1.0,5.0,readability_score
dorn,Dorn/python/32,3.723849372384937,0.6809623430962343,1.0,5.0,readability_score
dorn,Dorn/python/33,3.3386454183266934,0.5846613545816733,1.0,5.0,readability_score
dorn,Dorn/python/34,4.053497942386831,0.7633744855967077,1.0,5.0,readability_score
dorn,Dorn/python/35,3.016949152542373,0.5042372881355932,1.0,5.0,readability_score
dorn,Dorn/python/36,3.0129310344827585,0.5032327586206896,1.0,5.0,readability_score
dorn,Dorn/python/37,3.3127753303964758,0.5781938325991189,1.0,5.0,readability_score
dorn,Dorn/python/38,3.2543103448275863,0.5635775862068966,1.0,5.0,readability_score
dorn,Dorn/python/39,4.175438596491228,0.7938596491228069,1.0,5.0,readability_score
dorn,Dorn/python/40,3.5606694560669454,0.6401673640167364,1.0,5.0,readability_score
dorn,Dorn/python/41,3.7966101694915255,0.6991525423728814,1.0,5.0,readability_score
dorn,Dorn/python/42,3.8333333333333335,0.7083333333333334,1.0,5.0,readability_score
dorn,Dorn/python/43,2.4188034188034186,0.35470085470085466,1.0,5.0,readability_score
dorn,Dorn/python/44,3.940928270042194,0.7352320675105485,1.0,5.0,readability_score
dorn,Dorn/python/45,3.8200836820083683,0.7050209205020921,1.0,5.0,readability_score
dorn,Dorn/python/46,3.610655737704918,0.6526639344262295,1.0,5.0,readability_score
dorn,Dorn/python/47,3.87551867219917,0.7188796680497925,1.0,5.0,readability_score
dorn,Dorn/python/48,3.9795081967213113,0.7448770491803278,1.0,5.0,readability_score
dorn,Dorn/python/49,3.692622950819672,0.673155737704918,1.0,5.0,readability_score
dorn,Dorn/python/50,3.228215767634855,0.5570539419087137,1.0,5.0,readability_score
dorn,Dorn/python/51,3.6455696202531644,0.6613924050632911,1.0,5.0,readability_score
dorn,Dorn/python/52,3.942857142857143,0.7357142857142858,1.0,5.0,readability_score
dorn,Dorn/python/53,3.7198275862068964,0.6799568965517241,1.0,5.0,readability_score
dorn,Dorn/python/54,2.634453781512605,0.40861344537815125,1.0,5.0,readability_score
dorn,Dorn/python/55,3.7854077253218885,0.6963519313304721,1.0,5.0,readability_score
dorn,Dorn/python/56,3.345679012345679,0.5864197530864198,1.0,5.0,readability_score
dorn,Dorn/python/57,3.7250996015936253,0.6812749003984063,1.0,5.0,readability_score
dorn,Dorn/python/58,3.6219512195121952,0.6554878048780488,1.0,5.0,readability_score
dorn,Dorn/python/59,3.6942148760330578,0.6735537190082644,1.0,5.0,readability_score
dorn,Dorn/python/60,3.8663101604278074,0.7165775401069518,1.0,5.0,readability_score
dorn,Dorn/python/61,3.7374301675977653,0.6843575418994413,1.0,5.0,readability_score
dorn,Dorn/python/62,3.484042553191489,0.6210106382978723,1.0,5.0,readability_score
dorn,Dorn/python/63,4.075675675675676,0.768918918918919,1.0,5.0,readability_score
dorn,Dorn/python/64,3.380434782608696,0.595108695652174,1.0,5.0,readability_score
dorn,Dorn/python/65,3.4919786096256686,0.6229946524064172,1.0,5.0,readability_score
dorn,Dorn/python/66,3.7936507936507935,0.6984126984126984,1.0,5.0,readability_score
dorn,Dorn/python/67,4.172774869109948,0.793193717277487,1.0,5.0,readability_score
dorn,Dorn/python/68,3.6263736263736264,0.6565934065934066,1.0,5.0,readability_score
dorn,Dorn/python/69,3.893854748603352,0.723463687150838,1.0,5.0,readability_score
dorn,Dorn/python/70,3.3333333333333335,0.5833333333333334,1.0,5.0,readability_score
dorn,Dorn/python/71,2.9411764705882355,0.4852941176470589,1.0,5.0,readability_score
dorn,Dorn/python/72,3.1607142857142856,0.5401785714285714,1.0,5.0,readability_score
dorn,Dorn/python/73,3.3511904761904763,0.5877976190476191,1.0,5.0,readability_score
dorn,Dorn/python/74,3.3620689655172415,0.5905172413793104,1.0,5.0,readability_score
dorn,Dorn/python/75,3.8,0.7,1.0,5.0,readability_score
dorn,Dorn/python/76,3.0745341614906834,0.5186335403726708,1.0,5.0,readability_score
dorn,Dorn/python/77,3.3374233128834354,0.5843558282208589,1.0,5.0,readability_score
dorn,Dorn/python/78,3.398843930635838,0.5997109826589595,1.0,5.0,readability_score
dorn,Dorn/python/79,3.0722222222222224,0.5180555555555556,1.0,5.0,readability_score
dorn,Dorn/python/80,3.4615384615384617,0.6153846153846154,1.0,5.0,readability_score
dorn,Dorn/python/81,3.1271676300578033,0.5317919075144508,1.0,5.0,readability_score
dorn,Dorn/python/82,3.931216931216931,0.7328042328042328,1.0,5.0,readability_score
dorn,Dorn/python/83,3.8191489361702127,0.7047872340425532,1.0,5.0,readability_score
dorn,Dorn/python/84,3.626315789473684,0.656578947368421,1.0,5.0,readability_score
dorn,Dorn/python/85,2.759562841530055,0.4398907103825137,1.0,5.0,readability_score
dorn,Dorn/python/86,4.278947368421052,0.8197368421052631,1.0,5.0,readability_score
dorn,Dorn/python/87,3.808743169398907,0.7021857923497268,1.0,5.0,readability_score
dorn,Dorn/python/88,4.112299465240642,0.7780748663101604,1.0,5.0,readability_score
dorn,Dorn/python/89,3.9885057471264367,0.7471264367816092,1.0,5.0,readability_score
dorn,Dorn/python/90,3.413173652694611,0.6032934131736527,1.0,5.0,readability_score
dorn,Dorn/python/91,3.514792899408284,0.628698224852071,1.0,5.0,readability_score
dorn,Dorn/python/92,4.163934426229508,0.790983606557377,1.0,5.0,readability_score
dorn,Dorn/python/93,3.546961325966851,0.6367403314917127,1.0,5.0,readability_score
dorn,Dorn/python/94,3.4416243654822334,0.6104060913705583,1.0,5.0,readability_score
dorn,Dorn/python/95,3.1122994652406417,0.5280748663101604,1.0,5.0,readability_score
dorn,Dorn/python/96,3.519125683060109,0.6297814207650273,1.0,5.0,readability_score
dorn,Dorn/python/97,4.112820512820512,0.7782051282051281,1.0,5.0,readability_score
dorn,Dorn/python/98,3.6153846153846154,0.6538461538461539,1.0,5.0,readability_score
dorn,Dorn/python/99,2.9752475247524752,0.4938118811881188,1.0,5.0,readability_score
dorn,Dorn/python/100,2.872448979591837,0.4681122448979592,1.0,5.0,readability_score
dorn,Dorn/python/101,3.8944723618090453,0.7236180904522613,1.0,5.0,readability_score
dorn,Dorn/python/102,3.795918367346939,0.6989795918367347,1.0,5.0,readability_score
dorn,Dorn/python/103,4.2994652406417115,0.8248663101604279,1.0,5.0,readability_score
dorn,Dorn/python/104,2.291891891891892,0.322972972972973,1.0,5.0,readability_score
dorn,Dorn/python/105,3.4171122994652405,0.6042780748663101,1.0,5.0,readability_score
dorn,Dorn/python/106,2.5680473372781063,0.3920118343195266,1.0,5.0,readability_score
dorn,Dorn/python/107,3.6358381502890174,0.6589595375722543,1.0,5.0,readability_score
dorn,Dorn/python/108,4.204545454545454,0.8011363636363635,1.0,5.0,readability_score
dorn,Dorn/python/109,3.6514285714285712,0.6628571428571428,1.0,5.0,readability_score
dorn,Dorn/python/110,2.84,0.45999999999999996,1.0,5.0,readability_score
dorn,Dorn/python/111,2.8823529411764706,0.47058823529411764,1.0,5.0,readability_score
dorn,Dorn/python/112,3.381720430107527,0.5954301075268817,1.0,5.0,readability_score
dorn,Dorn/python/113,3.7578947368421054,0.6894736842105263,1.0,5.0,readability_score
dorn,Dorn/python/114,3.8195876288659796,0.7048969072164949,1.0,5.0,readability_score
dorn,Dorn/python/115,3.3399014778325125,0.5849753694581281,1.0,5.0,readability_score
dorn,Dorn/python/116,3.974747474747475,0.7436868686868687,1.0,5.0,readability_score
dorn,Dorn/python/117,3.512562814070352,0.628140703517588,1.0,5.0,readability_score
dorn,Dorn/python/118,3.3513513513513513,0.5878378378378378,1.0,5.0,readability_score
schnappinger,Schnappinger/aoi/artofillusion.animation.ActorEditorWindow,2.8482677868907,0.6160892622969,1.0,4.0,readability_score
schnappinger,Schnappinger/aoi/artofillusion.animation.AnimationPreviewer,2.0315201899999997,0.3438400633333332,1.0,4.0,readability_score
schnappinger,Schnappinger/aoi/artofillusion.animation.distortion.CustomDistortion,2.98662020396798,0.6622067346559933,1.0,4.0,readability_score
schnappinger,Schnappinger/aoi/artofillusion.animation.FilterParameterTrack,2.99487487042,0.66495829014,1.0,4.0,readability_score
schnappinger,Schnappinger/aoi/artofillusion.animation.IKTrack,2.9979672800059096,0.6659890933353032,1.0,4.0,readability_score
schnappinger,Schnappinger/aoi/artofillusion.animation.NullKeyframe,4.0,1.0,1.0,4.0,readability_score
schnappinger,Schnappinger/aoi/artofillusion.animation.PositionTrack,2.2644247095779195,0.42147490319263986,1.0,4.0,readability_score
schnappinger,Schnappinger/aoi/artofillusion.animation.Skeleton,2.37642049696,0.4588068323199999,1.0,4.0,readability_score
schnappinger,Schnappinger/aoi/artofillusion.animation.SkeletonTool,2.7745666987999997,0.5915222329333333,1.0,4.0,readability_score
schnappinger,Schnappinger/aoi/artofillusion.animation.VerticalAxis,3.000000000000613,0.6666666666668709,1.0,4.0,readability_score
schnappinger,Schnappinger/aoi/artofillusion.ApplicationPreferences,2.4156747732224,0.4718915910741333,1.0,4.0,readability_score
schnappinger,Schnappinger/aoi/artofillusion.CreateCubeTool,3.2414765400000034,0.7471588466666678,1.0,4.0,readability_score
schnappinger,Schnappinger/aoi/artofillusion.CreateCylinderTool,3.7942749150600004,0.9314249716866668,1.0,4.0,readability_score
schnappinger,Schnappinger/aoi/artofillusion.CreateVertexTool,2.8761471948,0.6253823982666668,1.0,4.0,readability_score
schnappinger,Schnappinger/aoi/artofillusion.CurveViewer,2.1999363833808,0.3999787944602667,1.0,4.0,readability_score
schnappinger,Schnappinger/aoi/artofillusion.image.ImageOrColor,3.9874091,0.9958030333333333,1.0,4.0,readability_score
schnappinger,Schnappinger/aoi/artofillusion.image.ImageSaver,2.2784115850236,0.4261371950078667,1.0,4.0,readability_score
schnappinger,Schnappinger/aoi/artofillusion.keystroke.KeystrokeEditor,2.99826589,0.66608863,1.0,4.0,readability_score
schnappinger,Schnappinger/aoi/artofillusion.keystroke.KeystrokePreferencesPanel,3.3108388186617996,0.7702796062205999,1.0,4.0,readability_score
schnappinger,Schnappinger/aoi/artofillusion.material.Material3D,3.9571827370002413,0.9857275790000805,1.0,4.0,readability_score
schnappinger,Schnappinger/aoi/artofillusion.material.MaterialMapping,3.961635758076289,0.9872119193587631,1.0,4.0,readability_score
schnappinger,Schnappinger/aoi/artofillusion.math.Cells,2.4177591733128563,0.4725863911042854,1.0,4.0,readability_score
schnappinger,Schnappinger/aoi/artofillusion.math.Mat4,2.99928229,0.66642743,1.0,4.0,readability_score
schnappinger,Schnappinger/aoi/artofillusion.MoveScaleRotateObjectTool,2.4550214908,0.4850071636,1.0,4.0,readability_score
schnappinger,Schnappinger/aoi/artofillusion.object.ImplicitObject,2.8795029823875997,0.6265009941291999,1.0,4.0,readability_score
schnappinger,Schnappinger/aoi/artofillusion.object.MeshVertex,3.02149060000394,0.6738302000013133,1.0,4.0,readability_score
schnappinger,Schnappinger/aoi/artofillusion.object.ReferenceImage,2.4260475855399997,0.4753491951799999,1.0,4.0,readability_score
schnappinger,Schnappinger/aoi/artofillusion.ObjectPropertiesPanel,2.4550214908,0.4850071636,1.0,4.0,readability_score
schnappinger,Schnappinger/aoi/artofillusion.ObjectViewer,2.6147206576,0.5382402192,1.0,4.0,readability_score
schnappinger,Schnappinger/aoi/artofillusion.procedural.AbsModule,3.9343045003641612,0.9781015001213871,1.0,4.0,readability_score
schnappinger,Schnappinger/aoi/artofillusion.procedural.ClipModule,3.11448924,0.7048297466666668,1.0,4.0,readability_score
schnappinger,Schnappinger/aoi/artofillusion.procedural.ColorDarkenModule,2.009964520059,0.33665484001966667,1.0,4.0,readability_score
schnappinger,Schnappinger/aoi/artofillusion.procedural.ColorLightenModule,2.802070016876174,0.6006900056253913,1.0,4.0,readability_score
schnappinger,Schnappinger/aoi/artofillusion.procedural.ColorScaleModule,2.9981527116350475,0.6660509038783492,1.0,4.0,readability_score
schnappinger,Schnappinger/aoi/artofillusion.procedural.ColorSumModule,3.7942749150600004,0.9314249716866668,1.0,4.0,readability_score
schnappinger,Schnappinger/aoi/artofillusion.procedural.MaxModule,2.9995040520000202,0.6665013506666734,1.0,4.0,readability_score
schnappinger,Schnappinger/aoi/artofillusion.procedural.NumberModule,2.8235512185578,0.6078504061859333,1.0,4.0,readability_score
schnappinger,Schnappinger/aoi/artofillusion.procedural.RGBModule,3.1870618837124995,0.7290206279041666,1.0,4.0,readability_score
schnappinger,Schnappinger/aoi/artofillusion.raytracer.PhotonMap,1.848932162,0.2829773873333334,1.0,4.0,readability_score
schnappinger,Schnappinger/aoi/artofillusion.raytracer.RTDirectionalLight,3.9451813001203817,0.9817271000401272,1.0,4.0,readability_score
schnappinger,Schnappinger/aoi/artofillusion.raytracer.RTEllipsoid,2.9907410336800098,0.6635803445600033,1.0,4.0,readability_score
schnappinger,Schnappinger/aoi/artofillusion.raytracer.RTTriangleLowMemory,3.064368,0.6881226666666667,1.0,4.0,readability_score
schnappinger,Schnappinger/aoi/artofillusion.RotateObjectTool,2.009964520059,0.33665484001966667,1.0,4.0,readability_score
schnappinger,Schnappinger/aoi/artofillusion.Scene,2.5651372157199996,0.5217124052399998,1.0,4.0,readability_score
schnappinger,Schnappinger/aoi/artofillusion.SceneChangedEvent,3.999848653,0.9999495509999999,1.0,4.0,readability_score
schnappinger,Schnappinger/aoi/artofillusion.SceneViewer,2.4550214908,0.4850071636,1.0,4.0,readability_score
schnappinger,Schnappinger/aoi/artofillusion.script.ScriptedObjectController,3.949780154780024,0.9832600515933413,1.0,4.0,readability_score
schnappinger,Schnappinger/aoi/artofillusion.SplineMeshEditorWindow,1.9956106900000057,0.3318702300000019,1.0,4.0,readability_score
schnappinger,Schnappinger/aoi/artofillusion.spmanager.HttpSPMFileSystem,1.4804636,0.16015453333333332,1.0,4.0,readability_score
schnappinger,Schnappinger/aoi/artofillusion.spmanager.InstallSplitPane,2.9816154000897095,0.6605384666965698,1.0,4.0,readability_score
schnappinger,Schnappinger/aoi/artofillusion.spmanager.SPManagerPlugin,2.01416464,0.33805488000000006,1.0,4.0,readability_score
schnappinger,Schnappinger/aoi/artofillusion.spmanager.SPManagerUtils,2.006932037,0.3356440123333333,1.0,4.0,readability_score
schnappinger,Schnappinger/aoi/artofillusion.spmanager.SPMFileSystem,3.84406442663479,0.94802147554493,1.0,4.0,readability_score
schnappinger,Schnappinger/aoi/artofillusion.spmanager.SPMTranslate,2.895028908000009,0.6316763026666696,1.0,4.0,readability_score
schnappinger,Schnappinger/aoi/artofillusion.texture.FaceVertexParameterValue,3.3125024094679993,0.7708341364893331,1.0,4.0,readability_score
schnappinger,Schnappinger/aoi/artofillusion.texture.UniformTexture,2.985837400016697,0.6619458000055657,1.0,4.0,readability_score
schnappinger,Schnappinger/aoi/artofillusion.tools.ArraySpec,2.9713830412000006,0.6571276804000002,1.0,4.0,readability_score
schnappinger,Schnappinger/aoi/artofillusion.TransformPointsDialog,3.7243368600000117,0.9081122866666705,1.0,4.0,readability_score
schnappinger,Schnappinger/aoi/artofillusion.translators.OBJImporter,2.188569015991616,0.3961896719972053,1.0,4.0,readability_score
schnappinger,Schnappinger/aoi/artofillusion.translators.POVExporter,2.0577970700001766,0.3525990233333922,1.0,4.0,readability_score
schnappinger,Schnappinger/aoi/artofillusion.translators.TextureImageExporter,2.8858724900725705,0.6286241633575235,1.0,4.0,readability_score
schnappinger,Schnappinger/aoi/artofillusion.TriMeshSelectionUtilities,2.7073118665999996,0.5691039555333332,1.0,4.0,readability_score
schnappinger,Schnappinger/aoi/artofillusion.TriMeshSimplifier,1.970131150436,0.3233770501453333,1.0,4.0,readability_score
schnappinger,Schnappinger/aoi/artofillusion.TubeEditorWindow,2.0745713470000484,0.3581904490000161,1.0,4.0,readability_score
schnappinger,Schnappinger/aoi/artofillusion.ui.DefaultDockableWidget,3.2526544800253188,0.7508848266751063,1.0,4.0,readability_score
schnappinger,Schnappinger/aoi/artofillusion.ui.DefaultToolButton,3.999998843376399,0.9999996144587997,1.0,4.0,readability_score
schnappinger,Schnappinger/aoi/artofillusion.ui.ToolPalette,2.48995987,0.49665328999999997,1.0,4.0,readability_score
schnappinger,Schnappinger/aoi/artofillusion.view.FlatVertexShader,3.9083528664202603,0.9694509554734201,1.0,4.0,readability_score
schnappinger,Schnappinger/aoi/artofillusion.view.GLCanvasDrawer,1.9155604000000002,0.30518680000000004,1.0,4.0,readability_score
schnappinger,Schnappinger/aoi/artofillusion.view.TexturedVertexShader,2.056445939496012,0.3521486464986707,1.0,4.0,readability_score
schnappinger,Schnappinger/aoi/nik777.aoi.HelpPlugin,1.813575694,0.27119189800000004,1.0,4.0,readability_score
schnappinger,Schnappinger/aoi/nik777.chat.ChatTextPane,2.9571171929300215,0.6523723976433405,1.0,4.0,readability_score
schnappinger,Schnappinger/aoi/nik777.xlate.StringEditor,2.9918330001415643,0.6639443333805214,1.0,4.0,readability_score
schnappinger,Schnappinger/argoUML/org.argouml.application.api.Argo,4.000000061113,1.0,1.0,4.0,readability_score
schnappinger,Schnappinger/argoUML/org.argouml.application.events.ArgoEventPump,4.000000000031203,1.0,1.0,4.0,readability_score
schnappinger,Schnappinger/argoUML/org.argouml.cognitive.ui.PriorityNode,3.449731753198,0.816577251066,1.0,4.0,readability_score
schnappinger,Schnappinger/argoUML/org.argouml.cognitive.ui.ToDoByType,2.1077981152099317,0.36926603840331057,1.0,4.0,readability_score
schnappinger,Schnappinger/argoUML/org.argouml.cognitive.UnresolvableException,3.9082239103467358,0.9694079701155786,1.0,4.0,readability_score
schnappinger,Schnappinger/argoUML/org.argouml.core.propertypanels.ui.EnumerationListModel,3.953471301100384,0.984490433700128,1.0,4.0,readability_score
schnappinger,Schnappinger/argoUML/org.argouml.core.propertypanels.ui.LabelledLayout,2.8956598596300003,0.6318866198766667,1.0,4.0,readability_score
schnappinger,Schnappinger/argoUML/org.argouml.core.propertypanels.ui.UMLDiscriminatorNameDocument,3.90988374897,0.9699612496566666,1.0,4.0,readability_score
schnappinger,Schnappinger/argoUML/org.argouml.core.propertypanels.ui.UMLExpressionPanel,3.9305142124,0.9768380708,1.0,4.0,readability_score
schnappinger,Schnappinger/argoUML/org.argouml.core.propertypanels.ui.UMLIncludeBaseListModel,3.9000431234099997,0.9666810411366665,1.0,4.0,readability_score
schnappinger,Schnappinger/argoUML/org.argouml.core.propertypanels.ui.UMLMessageActivatorComboBoxModel,3.6602051729099996,0.8867350576366665,1.0,4.0,readability_score
schnappinger,Schnappinger/argoUML/org.argouml.core.propertypanels.ui.UMLModelElementSourceFlowListModel,3.8707873388799996,0.9569291129599998,1.0,4.0,readability_score
schnappinger,Schnappinger/argoUML/org.argouml.core.propertypanels.ui.UMLOFSStateListModel,3.0162894800000783,0.6720964933333594,1.0,4.0,readability_score
schnappinger,Schnappinger/argoUML/org.argouml.core.propertypanels.ui.UMLSignalComboBoxModel,3.9082239103467358,0.9694079701155786,1.0,4.0,readability_score
schnappinger,Schnappinger/argoUML/org.argouml.core.propertypanels.ui.UMLTemplateParameterParameterComboBoxModel,3.2700307779999997,0.7566769259999999,1.0,4.0,readability_score
schnappinger,Schnappinger/argoUML/org.argouml.dev.UndoManagerWrapper,3.2856903138,0.7618967712666667,1.0,4.0,readability_score
schnappinger,Schnappinger/argoUML/org.argouml.gefext.ArgoFigRect,3.9571827370002413,0.9857275790000805,1.0,4.0,readability_score
schnappinger,Schnappinger/argoUML/org.argouml.gefext.ArgoModeCreateFigLine,3.9755259290762104,0.9918419763587368,1.0,4.0,readability_score
schnappinger,Schnappinger/argoUML/org.argouml.kernel.ProfileConfiguration,3.267908673365,0.7559695577883333,1.0,4.0,readability_score
schnappinger,Schnappinger/argoUML/org.argouml.model.AbstractUseCasesHelperDecorator,3.9305142124,0.9768380708,1.0,4.0,readability_score
schnappinger,Schnappinger/argoUML/org.argouml.model.euml.CollaborationsFactoryEUMLImpl,3.9582949010401,0.9860983003467,1.0,4.0,readability_score
schnappinger,Schnappinger/argoUML/org.argouml.model.euml.DataTypesHelperEUMLImpl,2.9529509505614904,0.6509836501871634,1.0,4.0,readability_score
schnappinger,Schnappinger/argoUML/org.argouml.model.euml.UMLUtil,2.1686490000000003,0.38954966666666674,1.0,4.0,readability_score
schnappinger,Schnappinger/argoUML/org.argouml.model.euml.XmiReaderEUMLImpl,1.8966985811,0.2988995270333333,1.0,4.0,readability_score
schnappinger,Schnappinger/argoUML/org.argouml.model.mdr.CollaborationsHelperMDRImpl,2.072277900005382,0.35742596666846066,1.0,4.0,readability_score
schnappinger,Schnappinger/argoUML/org.argouml.model.mdr.CoreFactoryMDRImpl,1.985835035,0.3286116783333333,1.0,4.0,readability_score
schnappinger,Schnappinger/argoUML/org.argouml.model.mdr.ModelEventPumpMDRImpl,3.7844084600000136,0.9281361533333379,1.0,4.0,readability_score
schnappinger,Schnappinger/argoUML/org.argouml.model.mdr.UmlFactoryMDRImpl,2.00484241571904,0.3349474719063467,1.0,4.0,readability_score
schnappinger,Schnappinger/argoUML/org.argouml.notation.providers.ActionStateNotation,3.584558923200005,0.8615196410666682,1.0,4.0,readability_score
schnappinger,Schnappinger/argoUML/org.argouml.notation.providers.java.AssociationEndNameNotationJava,3.90988374897,0.9699612496566666,1.0,4.0,readability_score
schnappinger,Schnappinger/argoUML/org.argouml.notation.providers.uml.ClassifierRoleNotationUml,2.00519310325,0.33506436775,1.0,4.0,readability_score
schnappinger,Schnappinger/argoUML/org.argouml.persistence.AbstractFilePersister,3.9971810100000003,0.9990603366666667,1.0,4.0,readability_score
schnappinger,Schnappinger/argoUML/org.argouml.sequence2.diagram.FigMessage,2.724764736,0.5749215786666667,1.0,4.0,readability_score
schnappinger,Schnappinger/argoUML/org.argouml.ui.cmd.ShortcutField,3.999871517,0.9999571723333333,1.0,4.0,readability_score
schnappinger,Schnappinger/argoUML/org.argouml.ui.explorer.ExplorerTreeModel,3.29718220231265,0.7657274007708833,1.0,4.0,readability_score
schnappinger,Schnappinger/argoUML/org.argouml.ui.explorer.rules.AbstractPerspectiveRule,3.9998458279999998,0.9999486093333333,1.0,4.0,readability_score
schnappinger,Schnappinger/argoUML/org.argouml.ui.explorer.rules.GoStateToDoActivity,3.624805872000078,0.8749352906666927,1.0,4.0,readability_score
schnappinger,Schnappinger/argoUML/org.argouml.ui.SettingsTabLayout,3.005248807,0.6684162690000001,1.0,4.0,readability_score
schnappinger,Schnappinger/argoUML/org.argouml.ui.ZoomSliderButton,3.0136185023000004,0.6712061674333335,1.0,4.0,readability_score
schnappinger,Schnappinger/argoUML/org.argouml.uml.cognitive.checklist.Init,3.9999968216300004,0.9999989405433335,1.0,4.0,readability_score
schnappinger,Schnappinger/argoUML/org.argouml.uml.cognitive.critics.CrCircularInheritance,3.7304071213708996,0.9101357071236332,1.0,4.0,readability_score
schnappinger,Schnappinger/argoUML/org.argouml.uml.cognitive.critics.CrInvalidForkTriggerOrGuard,3.00000769872,0.6666692329066667,1.0,4.0,readability_score
schnappinger,Schnappinger/argoUML/org.argouml.uml.cognitive.critics.CrMissingClassName,3.6351765401254488,0.8783921800418163,1.0,4.0,readability_score
schnappinger,Schnappinger/argoUML/org.argouml.uml.cognitive.critics.CrMissingOperName,3.0470755229999997,0.6823585076666666,1.0,4.0,readability_score
schnappinger,Schnappinger/argoUML/org.argouml.uml.cognitive.critics.CrMultiComposite,3.953471301100384,0.984490433700128,1.0,4.0,readability_score
schnappinger,Schnappinger/argoUML/org.argouml.uml.cognitive.critics.CrNoIncomingTransitions,3.712125000002494,0.904041666667498,1.0,4.0,readability_score
schnappinger,Schnappinger/argoUML/org.argouml.uml.cognitive.critics.WizMEName,3.9118021480232246,0.9706007160077416,1.0,4.0,readability_score
schnappinger,Schnappinger/argoUML/org.argouml.uml.diagram.activity.ui.FigSubactivityState,3.82840073147598,0.9428002438253267,1.0,4.0,readability_score
schnappinger,Schnappinger/argoUML/org.argouml.uml.diagram.deployment.ui.SelectionComponentInstance,3.9168470474196435,0.9722823491398812,1.0,4.0,readability_score
schnappinger,Schnappinger/argoUML/org.argouml.uml.diagram.deployment.ui.UMLDeploymentDiagram,2.2879230000032935,0.4293076666677645,1.0,4.0,readability_score
schnappinger,Schnappinger/argoUML/org.argouml.uml.diagram.state.ui.ButtonActionNewCallEvent,3.9012051926,0.9670683975333333,1.0,4.0,readability_score
schnappinger,Schnappinger/argoUML/org.argouml.uml.diagram.state.ui.FigCompositeState,2.0788559737624,0.3596186579208,1.0,4.0,readability_score
schnappinger,Schnappinger/argoUML/org.argouml.uml.diagram.static_structure.layout.ClassdiagramModelElementFactory,3.2954938659999997,0.7651646219999999,1.0,4.0,readability_score
schnappinger,Schnappinger/argoUML/org.argouml.uml.diagram.static_structure.layout.ClassdiagramNode,3.953471301100384,0.984490433700128,1.0,4.0,readability_score
schnappinger,Schnappinger/argoUML/org.argouml.uml.diagram.ui.ActionStereotypeViewTextual,3.927985835881085,0.9759952786270283,1.0,4.0,readability_score
schnappinger,Schnappinger/argoUML/org.argouml.uml.diagram.ui.FigEdgePort,3.8908215685800616,0.9636071895266872,1.0,4.0,readability_score
schnappinger,Schnappinger/argoUML/org.argouml.uml.diagram.ui.FigKeyword,3.990275310039388,0.996758436679796,1.0,4.0,readability_score
schnappinger,Schnappinger/argoUML/org.argouml.uml.diagram.ui.FigStereotypesGroup,2.714146826516,0.5713822755053334,1.0,4.0,readability_score
schnappinger,Schnappinger/argoUML/org.argouml.uml.diagram.ui.FigUsage,3.9571827370002413,0.9857275790000805,1.0,4.0,readability_score
schnappinger,Schnappinger/argoUML/org.argouml.uml.diagram.ui.PathConvPercent2,3.2410664399999995,0.7470221466666666,1.0,4.0,readability_score
schnappinger,Schnappinger/argoUML/org.argouml.uml.diagram.UmlDiagramRenderer,2.99999628236,0.6666654274533333,1.0,4.0,readability_score
schnappinger,Schnappinger/argoUML/org.argouml.uml.reveng.ui.ImportStatusScreen,3.9571827370002413,0.9857275790000805,1.0,4.0,readability_score
schnappinger,Schnappinger/argoUML/org.argouml.uml.ui.ActionImportFromSources,2.866483200000019,0.6221610666666729,1.0,4.0,readability_score
schnappinger,Schnappinger/argoUML/org.argouml.uml.ui.behavior.state_machines.ButtonActionNewGuard,3.9082239103467358,0.9694079701155786,1.0,4.0,readability_score
schnappinger,Schnappinger/argoUML/org.argouml.uml.ui.behavior.state_machines.PopupMenuNewEvent,2.11672920233848,0.37224306744616004,1.0,4.0,readability_score
schnappinger,Schnappinger/argoUML/org.argouml.uml.ui.foundation.core.UMLAssociationEndOrderingCheckBox,3.953471301100384,0.984490433700128,1.0,4.0,readability_score
schnappinger,Schnappinger/argoUML/org.argouml.uml.ui.foundation.core.UMLGeneralizableElementLeafCheckBox,3.898227602959944,0.9660758676533147,1.0,4.0,readability_score
schnappinger,Schnappinger/argoUML/org.argouml.uml.ui.PropPanel,2.99977591817602,0.6665919727253401,1.0,4.0,readability_score
schnappinger,Schnappinger/argoUML/org.argouml.uml.ui.UMLComboBox2,3.421319198868,0.8071063996226666,1.0,4.0,readability_score
schnappinger,Schnappinger/argoUML/org.argouml.uml.ui.UMLTableCellRenderer,3.971194015056,0.9903980050186667,1.0,4.0,readability_score
schnappinger,Schnappinger/argoUML/org.argouml.uml.ui.UMLTreeCellRenderer,3.000000000541704,0.6666666668472346,1.0,4.0,readability_score
schnappinger,Schnappinger/argoUML/org.argouml.util.PredicateStringMatch,3.973538576000013,0.9911795253333376,1.0,4.0,readability_score
schnappinger,Schnappinger/argoUML/org.argouml.util.PredicateTrue,3.9000431234099997,0.9666810411366665,1.0,4.0,readability_score
schnappinger,Schnappinger/argoUML/org.argouml.util.PredicateType,3.9571827370002413,0.9857275790000805,1.0,4.0,readability_score
schnappinger,Schnappinger/diarymanagement/TBA.Client.GUI.SettingsDialog,3.0,0.6666666666666666,1.0,4.0,readability_score
schnappinger,Schnappinger/diarymanagement/TBA.Data.User#ddf7c5b75ed4,4.0,1.0,1.0,4.0,readability_score
schnappinger,Schnappinger/diarymanagement/TBA.Data.User#7196c89c43b9,4.0,1.0,1.0,4.0,readability_score
schnappinger,Schnappinger/diarymanagement/TBA.Exceptions.MessagesException,4.000001045284,1.0,1.0,4.0,readability_score
schnappinger,Schnappinger/diarymanagement/TBA.Exceptions.NetworkDataException,3.983141400043401,0.9943804666811337,1.0,4.0,readability_score
schnappinger,Schnappinger/diarymanagement/TBA.Logging.TBALogger,2.0000871729,0.3333623909666666,1.0,4.0,readability_score
schnappinger,Schnappinger/diarymanagement/TBA.Messages.LoginResponse,2.6169718,0.5389906,1.0,4.0,readability_score
schnappinger,Schnappinger/diarymanagement/TBA.Messages.LogoutResponse,4.000000000031203,1.0,1.0,4.0,readability_score
schnappinger,Schnappinger/diarymanagement/TBA.Messages.Messages,3.000000049661058,0.6666666832203526,1.0,4.0,readability_score
schnappinger,Schnappinger/diarymanagement/TBA.Messages.QueryMessage,3.9795178837727923,0.9931726279242641,1.0,4.0,readability_score
schnappinger,Schnappinger/diarymanagement/TBA.Messages.ResponseMessage,3.1691620000006675,0.7230540000002225,1.0,4.0,readability_score
schnappinger,Schnappinger/jsweet/def.dom.ANGLE_instanced_arrays,3.953471301100384,0.984490433700128,1.0,4.0,readability_score
schnappinger,Schnappinger/jsweet/def.dom.AudioParam,3.9571827370002413,0.9857275790000805,1.0,4.0,readability_score
schnappinger,Schnappinger/jsweet/def.dom.CanvasRenderingContext2D,3.9000431234099997,0.9666810411366665,1.0,4.0,readability_score
schnappinger,Schnappinger/jsweet/def.dom.ChildNode,3.953471301100384,0.984490433700128,1.0,4.0,readability_score
schnappinger,Schnappinger/jsweet/def.dom.CloseEvent,3.953471301100384,0.984490433700128,1.0,4.0,readability_score
schnappinger,Schnappinger/jsweet/def.dom.CSSConditionRule,3.953471301100384,0.984490433700128,1.0,4.0,readability_score
schnappinger,Schnappinger/jsweet/def.dom.GainNode,2.6169718,0.5389906,1.0,4.0,readability_score
schnappinger,Schnappinger/jsweet/def.dom.GamepadEvent,3.953471301100384,0.984490433700128,1.0,4.0,readability_score
schnappinger,Schnappinger/jsweet/def.dom.HTMLAllCollection,3.953471301100384,0.984490433700128,1.0,4.0,readability_score
schnappinger,Schnappinger/jsweet/def.dom.HTMLBaseElement,3.9000431234099997,0.9666810411366665,1.0,4.0,readability_score
schnappinger,Schnappinger/jsweet/def.dom.HTMLBodyElement,1.00171665886692,0.0005722196223066541,1.0,4.0,readability_score
schnappinger,Schnappinger/jsweet/def.dom.HTMLDTElement,3.9000431234099997,0.9666810411366665,1.0,4.0,readability_score
schnappinger,Schnappinger/jsweet/def.dom.HTMLFrameElement,3.000000000334494,0.6666666667781648,1.0,4.0,readability_score
schnappinger,Schnappinger/jsweet/def.dom.HTMLIFrameElement,1.9435548,0.31451826666666666,1.0,4.0,readability_score
schnappinger,Schnappinger/jsweet/def.dom.HTMLLegendElement,3.927985835881085,0.9759952786270283,1.0,4.0,readability_score
schnappinger,Schnappinger/jsweet/def.dom.HTMLMapElement,3.927985835881085,0.9759952786270283,1.0,4.0,readability_score
schnappinger,Schnappinger/jsweet/def.dom.HTMLNextIdElement,3.8402408869999998,0.9467469623333332,1.0,4.0,readability_score
schnappinger,Schnappinger/jsweet/def.dom.HTMLOListElement,3.227401988,0.7424673293333334,1.0,4.0,readability_score
schnappinger,Schnappinger/jsweet/def.dom.HTMLUListElement,4.0,1.0,1.0,4.0,readability_score
schnappinger,Schnappinger/jsweet/def.dom.HTMLUnknownElement,3.961635758076289,0.9872119193587631,1.0,4.0,readability_score
schnappinger,Schnappinger/jsweet/def.dom.intl.CollatorOptions,4.000000000031203,1.0,1.0,4.0,readability_score
schnappinger,Schnappinger/jsweet/def.dom.intl.ResolvedCollatorOptions,3.9582949010401,0.9860983003467,1.0,4.0,readability_score
schnappinger,Schnappinger/jsweet/def.dom.intl.ResolvedNumberFormatOptions,3.971194015056,0.9903980050186667,1.0,4.0,readability_score
schnappinger,Schnappinger/jsweet/def.dom.KeyAlgorithm#3f2133f2d081,3.9571827370002413,0.9857275790000805,1.0,4.0,readability_score
schnappinger,Schnappinger/jsweet/def.dom.KeyAlgorithm#12cf543952c2,3.9704242222400503,0.9901414074133501,1.0,4.0,readability_score
schnappinger,Schnappinger/jsweet/def.dom.MediaSource,3.953471301100384,0.984490433700128,1.0,4.0,readability_score
schnappinger,Schnappinger/jsweet/def.dom.MimeTypeArray,3.9000431234099997,0.9666810411366665,1.0,4.0,readability_score
schnappinger,Schnappinger/jsweet/def.dom.MouseEvent,3.999665671,0.9998885569999999,1.0,4.0,readability_score
schnappinger,Schnappinger/jsweet/def.dom.MouseEventInit,3.8707873388799996,0.9569291129599998,1.0,4.0,readability_score
schnappinger,Schnappinger/jsweet/def.dom.MSApp,3.0197191527290004,0.6732397175763335,1.0,4.0,readability_score
schnappinger,Schnappinger/jsweet/def.dom.MSBaseReader,3.9972610800000004,0.9990870266666668,1.0,4.0,readability_score
schnappinger,Schnappinger/jsweet/def.dom.MSFileSaver,3.8908215685800616,0.9636071895266872,1.0,4.0,readability_score
schnappinger,Schnappinger/jsweet/def.dom.MSInputMethodContext,3.2708058251,0.7569352750333334,1.0,4.0,readability_score
schnappinger,Schnappinger/jsweet/def.dom.MSManipulationEvent,3.953471301100384,0.984490433700128,1.0,4.0,readability_score
schnappinger,Schnappinger/jsweet/def.dom.MSMediaKeySession,3.953471301100384,0.984490433700128,1.0,4.0,readability_score
schnappinger,Schnappinger/jsweet/def.dom.MSStreamReader,3.8707873388799996,0.9569291129599998,1.0,4.0,readability_score
schnappinger,Schnappinger/jsweet/def.dom.MSWebViewSettings,3.9000431234099997,0.9666810411366665,1.0,4.0,readability_score
schnappinger,Schnappinger/jsweet/def.dom.MutationRecord,3.953471301100384,0.984490433700128,1.0,4.0,readability_score
schnappinger,Schnappinger/jsweet/def.dom.NavigatorOnLine,3.914887512491,0.9716291708303334,1.0,4.0,readability_score
schnappinger,Schnappinger/jsweet/def.dom.NodeList,3.999771442,0.9999238140000001,1.0,4.0,readability_score
schnappinger,Schnappinger/jsweet/def.dom.NodeSelector,3.953471301100384,0.984490433700128,1.0,4.0,readability_score
schnappinger,Schnappinger/jsweet/def.dom.OES_standard_derivatives,3.9571827370002413,0.9857275790000805,1.0,4.0,readability_score
schnappinger,Schnappinger/jsweet/def.dom.PointerEvent,3.953471301100384,0.984490433700128,1.0,4.0,readability_score
schnappinger,Schnappinger/jsweet/def.dom.Selection,4.0,1.0,1.0,4.0,readability_score
schnappinger,Schnappinger/jsweet/def.dom.SVGAnimatedBoolean,3.4853730000012098,0.8284576666670699,1.0,4.0,readability_score
schnappinger,Schnappinger/jsweet/def.dom.SVGAnimatedString,3.9000431234099997,0.9666810411366665,1.0,4.0,readability_score
schnappinger,Schnappinger/jsweet/def.dom.SVGElementInstance,3.9571827370002413,0.9857275790000805,1.0,4.0,readability_score
schnappinger,Schnappinger/jsweet/def.dom.SVGFEColorMatrixElement,3.953471301100384,0.984490433700128,1.0,4.0,readability_score
schnappinger,Schnappinger/jsweet/def.dom.SVGFEFuncBElement,3.9684204944362738,0.9894734981454246,1.0,4.0,readability_score
schnappinger,Schnappinger/jsweet/def.dom.SVGFEMergeElement,1.9327868004118278,0.3109289334706093,1.0,4.0,readability_score
schnappinger,Schnappinger/jsweet/def.dom.SVGMaskElement,3.8707873388799996,0.9569291129599998,1.0,4.0,readability_score
schnappinger,Schnappinger/jsweet/def.dom.SVGPathSegMovetoRel,3.953471301100384,0.984490433700128,1.0,4.0,readability_score
schnappinger,Schnappinger/jsweet/def.dom.SVGStringList,3.94698447464706,0.9823281582156866,1.0,4.0,readability_score
schnappinger,Schnappinger/jsweet/def.dom.SVGSVGElement,2.997457043,0.6658190143333332,1.0,4.0,readability_score
schnappinger,Schnappinger/jsweet/def.dom.SVGTextPathElement,3.953471301100384,0.984490433700128,1.0,4.0,readability_score
schnappinger,Schnappinger/jsweet/def.dom.TextEvent,3.9678160391699997,0.9892720130566666,1.0,4.0,readability_score
schnappinger,Schnappinger/jsweet/def.dom.WebGLObject,3.953471301100384,0.984490433700128,1.0,4.0,readability_score
schnappinger,Schnappinger/jsweet/def.dom.WebGLTexture,3.92120987271,0.9737366242366666,1.0,4.0,readability_score
schnappinger,Schnappinger/jsweet/def.dom.WindowSessionStorage,3.9571827370002413,0.9857275790000805,1.0,4.0,readability_score
schnappinger,Schnappinger/jsweet/def.dom.XPathEvaluator,3.927985835881085,0.9759952786270283,1.0,4.0,readability_score
schnappinger,Schnappinger/jsweet/def.js.Float64Array,3.99999213426,0.9999973780866668,1.0,4.0,readability_score
schnappinger,Schnappinger/jsweet/def.js.PropertyDescriptorMap,3.9998458279999998,0.9999486093333333,1.0,4.0,readability_score
schnappinger,Schnappinger/jsweet/def.js.String,3.9012051926,0.9670683975333333,1.0,4.0,readability_score
schnappinger,Schnappinger/jsweet/def.js.Uint8Array,3.9000431234099997,0.9666810411366665,1.0,4.0,readability_score
schnappinger,Schnappinger/jsweet/jsweet.util.Lang,3.42636910745187,0.8087897024839567,1.0,4.0,readability_score
schnappinger,Schnappinger/jsweet/org.jsweet.input.typescriptdef.parser.GenParser,3.9153708844086172,0.9717902948028724,1.0,4.0,readability_score
schnappinger,Schnappinger/jsweet/org.jsweet.input.typescriptdef.visitor.TypeReferenceExpander,2.1716152900000276,0.3905384300000092,1.0,4.0,readability_score
schnappinger,Schnappinger/jsweet/org.jsweet.transpiler.extension.RemoveJavaDependenciesAdapter,1.00024461676,8.153892000003123e-05,1.0,4.0,readability_score
schnappinger,Schnappinger/jsweet/org.jsweet.transpiler.GlobalBeforeTranslationScanner,1.000920158,0.00030671933333333473,1.0,4.0,readability_score
schnappinger,Schnappinger/jsweet/org.jsweet.transpiler.JSweetTranspiler,2.9813892014795,0.6604630671598333,1.0,4.0,readability_score
schnappinger,Schnappinger/jsweet/org.jsweet.transpiler.model.support.CompilationUnitElementSupport,3.927985835881085,0.9759952786270283,1.0,4.0,readability_score
schnappinger,Schnappinger/jsweet/org.jsweet.transpiler.ModuleImportDescriptor,3.973538576000013,0.9911795253333376,1.0,4.0,readability_score
schnappinger,Schnappinger/jsweet/org.jsweet.transpiler.util.ErrorCountTranspilationHandler,3.973538576000013,0.9911795253333376,1.0,4.0,readability_score
schnappinger,Schnappinger/junit4/junit.extensions.RepeatedTest,3.953471301100384,0.984490433700128,1.0,4.0,readability_score
schnappinger,Schnappinger/junit4/junit.extensions.TestDecorator,3.9678160391699997,0.9892720130566666,1.0,4.0,readability_score
schnappinger,Schnappinger/junit4/junit.framework.Assert,3.9571827370002413,0.9857275790000805,1.0,4.0,readability_score
schnappinger,Schnappinger/junit4/junit.framework.AssertionFailedError,3.99847319,0.9994910633333333,1.0,4.0,readability_score
schnappinger,Schnappinger/junit4/junit.framework.ComparisonCompactor,3.0002079,0.6667359666666667,1.0,4.0,readability_score
schnappinger,Schnappinger/junit4/junit.framework.JUnit4TestAdapter,3.953471301100384,0.984490433700128,1.0,4.0,readability_score
schnappinger,Schnappinger/junit4/junit.framework.JUnit4TestCaseFacade,3.949780154780024,0.9832600515933413,1.0,4.0,readability_score
schnappinger,Schnappinger/junit4/junit.framework.TestCase,3.9582949010401,0.9860983003467,1.0,4.0,readability_score
schnappinger,Schnappinger/junit4/junit.framework.TestResult,3.927985835881085,0.9759952786270283,1.0,4.0,readability_score
schnappinger,Schnappinger/junit4/junit.textui.TestRunner,4.000000000030692,1.0,1.0,4.0,readability_score
schnappinger,Schnappinger/junit4/org.junit.Assume,3.9571827370002413,0.9857275790000805,1.0,4.0,readability_score
schnappinger,Schnappinger/junit4/org.junit.ComparisonFailure,3.7543581356027556,0.9181193785342519,1.0,4.0,readability_score
schnappinger,Schnappinger/junit4/org.junit.experimental.categories.Categories,2.8411790712899996,0.6137263570966666,1.0,4.0,readability_score
schnappinger,Schnappinger/junit4/org.junit.experimental.categories.CategoryFilterFactory,3.927985835881085,0.9759952786270283,1.0,4.0,readability_score
schnappinger,Schnappinger/junit4/org.junit.experimental.categories.CategoryValidator,3.949780154780024,0.9832600515933413,1.0,4.0,readability_score
schnappinger,Schnappinger/junit4/org.junit.experimental.max.CouldNotReadCoreException,3.953471301100384,0.984490433700128,1.0,4.0,readability_score
schnappinger,Schnappinger/junit4/org.junit.experimental.max.MaxCore,3.788647502651985,0.9295491675506616,1.0,4.0,readability_score
schnappinger,Schnappinger/junit4/org.junit.experimental.max.MaxHistory,3.999857996,0.9999526653333333,1.0,4.0,readability_score
schnappinger,Schnappinger/junit4/org.junit.experimental.results.PrintableResult,3.9684204944362738,0.9894734981454246,1.0,4.0,readability_score
schnappinger,Schnappinger/junit4/org.junit.experimental.results.ResultMatchers,3.749074436883183,0.9163581456277278,1.0,4.0,readability_score
schnappinger,Schnappinger/junit4/org.junit.experimental.runners.Enclosed,3.9153708844086172,0.9717902948028724,1.0,4.0,readability_score
schnappinger,Schnappinger/junit4/org.junit.experimental.theories.internal.AllMembersSupplier,3.171347499024584,0.7237824996748613,1.0,4.0,readability_score
schnappinger,Schnappinger/junit4/org.junit.experimental.theories.internal.BooleanSupplier,3.9012051926,0.9670683975333333,1.0,4.0,readability_score
schnappinger,Schnappinger/junit4/org.junit.experimental.theories.ParameterSignature,3.9953152075018,0.9984384025006,1.0,4.0,readability_score
schnappinger,Schnappinger/junit4/org.junit.experimental.theories.suppliers.TestedOnSupplier,3.840554615446389,0.9468515384821297,1.0,4.0,readability_score
schnappinger,Schnappinger/junit4/org.junit.experimental.theories.Theories,2.009964520059,0.33665484001966667,1.0,4.0,readability_score
schnappinger,Schnappinger/junit4/org.junit.internal.ArrayComparisonFailure,3.953471301100384,0.984490433700128,1.0,4.0,readability_score
schnappinger,Schnappinger/junit4/org.junit.internal.AssumptionViolatedException,3.999340626,0.9997802086666666,1.0,4.0,readability_score
schnappinger,Schnappinger/junit4/org.junit.internal.builders.AnnotatedBuilder,3.8707873388799996,0.9569291129599998,1.0,4.0,readability_score
schnappinger,Schnappinger/junit4/org.junit.internal.builders.IgnoredBuilder,3.953471301100384,0.984490433700128,1.0,4.0,readability_score
schnappinger,Schnappinger/junit4/org.junit.internal.builders.IgnoredClassRunner,3.9571827370002413,0.9857275790000805,1.0,4.0,readability_score
schnappinger,Schnappinger/junit4/org.junit.internal.builders.JUnit3Builder,3.953471301100384,0.984490433700128,1.0,4.0,readability_score
schnappinger,Schnappinger/junit4/org.junit.internal.builders.JUnit4Builder,3.8707873388799996,0.9569291129599998,1.0,4.0,readability_score
schnappinger,Schnappinger/junit4/org.junit.internal.builders.SuiteMethodBuilder,3.99828239,0.9994274633333333,1.0,4.0,readability_score
schnappinger,Schnappinger/junit4/org.junit.internal.Classes,2.6169718,0.5389906,1.0,4.0,readability_score
schnappinger,Schnappinger/junit4/org.junit.internal.ExactComparisonCriteria,3.953471301100384,0.984490433700128,1.0,4.0,readability_score
schnappinger,Schnappinger/junit4/org.junit.internal.MethodSorter,3.9999830754,0.9999943584666666,1.0,4.0,readability_score
schnappinger,Schnappinger/junit4/org.junit.internal.runners.InitializationError,4.0,1.0,1.0,4.0,readability_score
schnappinger,Schnappinger/junit4/org.junit.internal.runners.JUnit38ClassRunner,3.7232818688736997,0.9077606229578999,1.0,4.0,readability_score
schnappinger,Schnappinger/junit4/org.junit.internal.runners.MethodRoadie,2.2308700927665197,0.41029003092217325,1.0,4.0,readability_score
schnappinger,Schnappinger/junit4/org.junit.internal.runners.model.MultipleFailureException,3.9582949010401,0.9860983003467,1.0,4.0,readability_score
schnappinger,Schnappinger/junit4/org.junit.internal.runners.statements.ExpectException,3.961635758076289,0.9872119193587631,1.0,4.0,readability_score
schnappinger,Schnappinger/junit4/org.junit.internal.runners.statements.Fail,3.953471301100384,0.984490433700128,1.0,4.0,readability_score
schnappinger,Schnappinger/junit4/org.junit.internal.runners.statements.InvokeMethod,3.927985835881085,0.9759952786270283,1.0,4.0,readability_score
schnappinger,Schnappinger/junit4/org.junit.internal.runners.statements.RunAfters,3.98870211224896,0.99623403741632,1.0,4.0,readability_score
schnappinger,Schnappinger/junit4/org.junit.internal.runners.TestClass,3.9781143555700544,0.9927047851900181,1.0,4.0,readability_score
schnappinger,Schnappinger/junit4/org.junit.internal.runners.TestMethod,3.9742539077162005,0.9914179692387335,1.0,4.0,readability_score
schnappinger,Schnappinger/junit4/org.junit.internal.TextListener,3.9582949010401,0.9860983003467,1.0,4.0,readability_score
schnappinger,Schnappinger/junit4/org.junit.rules.ExternalResource,3.4609380083695718,0.8203126694565239,1.0,4.0,readability_score
schnappinger,Schnappinger/junit4/org.junit.rules.Stopwatch,3.4609380083695718,0.8203126694565239,1.0,4.0,readability_score
schnappinger,Schnappinger/junit4/org.junit.rules.TemporaryFolder,3.9000431234099997,0.9666810411366665,1.0,4.0,readability_score
schnappinger,Schnappinger/junit4/org.junit.rules.TestName,3.9440344499600917,0.9813448166533639,1.0,4.0,readability_score
schnappinger,Schnappinger/junit4/org.junit.rules.TestWatcher,4.000000083892,1.0,1.0,4.0,readability_score
schnappinger,Schnappinger/junit4/org.junit.runner.Description,3.9999195092,0.9999731697333334,1.0,4.0,readability_score
schnappinger,Schnappinger/junit4/org.junit.runner.FilterFactories,3.2954938659999997,0.7651646219999999,1.0,4.0,readability_score
schnappinger,Schnappinger/junit4/org.junit.runner.FilterFactoryParams,3.953471301100384,0.984490433700128,1.0,4.0,readability_score
schnappinger,Schnappinger/junit4/org.junit.runner.JUnitCore,3.9000431234099997,0.9666810411366665,1.0,4.0,readability_score
schnappinger,Schnappinger/junit4/org.junit.runner.manipulation.Filter,3.9000431234099997,0.9666810411366665,1.0,4.0,readability_score
schnappinger,Schnappinger/junit4/org.junit.runner.manipulation.Sorter,3.7295051619999997,0.9098350539999999,1.0,4.0,readability_score
schnappinger,Schnappinger/junit4/org.junit.runner.notification.RunListener,3.999857996,0.9999526653333333,1.0,4.0,readability_score
schnappinger,Schnappinger/junit4/org.junit.runner.notification.RunNotifier,3.89545004433997,0.9651500147799901,1.0,4.0,readability_score
schnappinger,Schnappinger/junit4/org.junit.runner.notification.StoppedByUserException,3.953471301100384,0.984490433700128,1.0,4.0,readability_score
schnappinger,Schnappinger/junit4/org.junit.runner.notification.SynchronizedRunListener,3.953471301100384,0.984490433700128,1.0,4.0,readability_score
schnappinger,Schnappinger/junit4/org.junit.runner.Runner,3.927985835881085,0.9759952786270283,1.0,4.0,readability_score
schnappinger,Schnappinger/junit4/org.junit.runners.BlockJUnit4ClassRunner,3.9582949010401,0.9860983003467,1.0,4.0,readability_score
schnappinger,Schnappinger/junit4/org.junit.runners.model.FrameworkField,3.953471301100384,0.984490433700128,1.0,4.0,readability_score
schnappinger,Schnappinger/junit4/org.junit.runners.model.RunnerBuilder,3.9755259290762104,0.9918419763587368,1.0,4.0,readability_score
schnappinger,Schnappinger/junit4/org.junit.runners.model.TestTimedOutException,4.0,1.0,1.0,4.0,readability_score
schnappinger,Schnappinger/junit4/org.junit.runners.parameterized.BlockJUnit4ClassRunnerWithParameters,2.7153838,0.5717946,1.0,4.0,readability_score
schnappinger,Schnappinger/junit4/org.junit.runners.parameterized.BlockJUnit4ClassRunnerWithParametersFactory,3.9571827370002413,0.9857275790000805,1.0,4.0,readability_score
schnappinger,Schnappinger/junit4/org.junit.runners.parameterized.TestWithParameters,3.9696838001344767,0.9898946000448255,1.0,4.0,readability_score
schnappinger,Schnappinger/junit4/org.junit.validator.AnnotationsValidator,3.1983780602538237,0.7327926867512745,1.0,4.0,readability_score
schnappinger,Schnappinger/junit4/org.junit.validator.AnnotationValidator,4.000000000006059,1.0,1.0,4.0,readability_score
jetbrains,JetBrains/e7,1.0,1.0,0.0,1.0,human_readable_vote_fraction
jetbrains,JetBrains/i47,1.0,1.0,0.0,1.0,human_readable_vote_fraction
jetbrains,JetBrains/b39,1.0,1.0,0.0,1.0,human_readable_vote_fraction
jetbrains,JetBrains/e12,1.0,1.0,0.0,1.0,human_readable_vote_fraction
jetbrains,JetBrains/b40,0.9666666666666667,0.9666666666666667,0.0,1.0,human_readable_vote_fraction
jetbrains,JetBrains/b25,0.9615384615384616,0.9615384615384616,0.0,1.0,human_readable_vote_fraction
jetbrains,JetBrains/i39,0.9583333333333334,0.9583333333333334,0.0,1.0,human_readable_vote_fraction
jetbrains,JetBrains/i43,0.9565217391304348,0.9565217391304348,0.0,1.0,human_readable_vote_fraction
jetbrains,JetBrains/i6,0.95,0.95,0.0,1.0,human_readable_vote_fraction
jetbrains,JetBrains/e24,0.95,0.95,0.0,1.0,human_readable_vote_fraction
jetbrains,JetBrains/e5,0.9473684210526315,0.9473684210526315,0.0,1.0,human_readable_vote_fraction
jetbrains,JetBrains/e52,0.9444444444444444,0.9444444444444444,0.0,1.0,human_readable_vote_fraction
jetbrains,JetBrains/e59,0.9411764705882353,0.9411764705882353,0.0,1.0,human_readable_vote_fraction
jetbrains,JetBrains/b17,0.9411764705882353,0.9411764705882353,0.0,1.0,human_readable_vote_fraction
jetbrains,JetBrains/b52,0.9375,0.9375,0.0,1.0,human_readable_vote_fraction
jetbrains,JetBrains/b43,0.9375,0.9375,0.0,1.0,human_readable_vote_fraction
jetbrains,JetBrains/b45,0.9354838709677419,0.9354838709677419,0.0,1.0,human_readable_vote_fraction
jetbrains,JetBrains/e37,0.9333333333333333,0.9333333333333333,0.0,1.0,human_readable_vote_fraction
jetbrains,JetBrains/e57,0.06666666666666667,0.06666666666666667,0.0,1.0,human_readable_vote_fraction
jetbrains,JetBrains/e43,0.92,0.92,0.0,1.0,human_readable_vote_fraction
jetbrains,JetBrains/i41,0.9166666666666666,0.9166666666666666,0.0,1.0,human_readable_vote_fraction
jetbrains,JetBrains/i12,0.9130434782608695,0.9130434782608695,0.0,1.0,human_readable_vote_fraction
jetbrains,JetBrains/i13,0.9047619047619048,0.9047619047619048,0.0,1.0,human_readable_vote_fraction
jetbrains,JetBrains/i37,0.9047619047619048,0.9047619047619048,0.0,1.0,human_readable_vote_fraction
jetbrains,JetBrains/b12,0.9047619047619048,0.9047619047619048,0.0,1.0,human_readable_vote_fraction
jetbrains,JetBrains/i9,0.9047619047619048,0.9047619047619048,0.0,1.0,human_readable_vote_fraction
jetbrains,JetBrains/b47,0.9,0.9,0.0,1.0,human_readable_vote_fraction
jetbrains,JetBrains/b5,0.9,0.9,0.0,1.0,human_readable_vote_fraction
jetbrains,JetBrains/b13,0.9,0.9,0.0,1.0,human_readable_vote_fraction
jetbrains,JetBrains/b9,0.9,0.9,0.0,1.0,human_readable_vote_fraction
jetbrains,JetBrains/i14,0.8888888888888888,0.8888888888888888,0.0,1.0,human_readable_vote_fraction
jetbrains,JetBrains/e46,0.8846153846153846,0.8846153846153846,0.0,1.0,human_readable_vote_fraction
jetbrains,JetBrains/e41,0.8695652173913043,0.8695652173913043,0.0,1.0,human_readable_vote_fraction
jetbrains,JetBrains/b41,0.8695652173913043,0.8695652173913043,0.0,1.0,human_readable_vote_fraction
jetbrains,JetBrains/e19,0.8695652173913043,0.8695652173913043,0.0,1.0,human_readable_vote_fraction
jetbrains,JetBrains/b34,0.85,0.85,0.0,1.0,human_readable_vote_fraction
jetbrains,JetBrains/b46,0.8461538461538461,0.8461538461538461,0.0,1.0,human_readable_vote_fraction
jetbrains,JetBrains/e40,0.8421052631578947,0.8421052631578947,0.0,1.0,human_readable_vote_fraction
jetbrains,JetBrains/b55,0.8421052631578947,0.8421052631578947,0.0,1.0,human_readable_vote_fraction
jetbrains,JetBrains/e34,0.84,0.84,0.0,1.0,human_readable_vote_fraction
jetbrains,JetBrains/b44,0.8235294117647058,0.8235294117647058,0.0,1.0,human_readable_vote_fraction
jetbrains,JetBrains/i60,0.8235294117647058,0.8235294117647058,0.0,1.0,human_readable_vote_fraction
jetbrains,JetBrains/i45,0.8214285714285714,0.8214285714285714,0.0,1.0,human_readable_vote_fraction
jetbrains,JetBrains/e51,0.8214285714285714,0.8214285714285714,0.0,1.0,human_readable_vote_fraction
jetbrains,JetBrains/i34,0.8,0.8,0.0,1.0,human_readable_vote_fraction
jetbrains,JetBrains/b54,0.8,0.8,0.0,1.0,human_readable_vote_fraction
jetbrains,JetBrains/b58,0.8,0.8,0.0,1.0,human_readable_vote_fraction
jetbrains,JetBrains/b7,0.8,0.8,0.0,1.0,human_readable_vote_fraction
jetbrains,JetBrains/i51,0.8,0.8,0.0,1.0,human_readable_vote_fraction
jetbrains,JetBrains/b4,0.8,0.8,0.0,1.0,human_readable_vote_fraction
jetbrains,JetBrains/e6,0.7916666666666666,0.7916666666666666,0.0,1.0,human_readable_vote_fraction
jetbrains,JetBrains/i21,0.21428571428571427,0.21428571428571427,0.0,1.0,human_readable_vote_fraction
jetbrains,JetBrains/e45,0.7727272727272727,0.7727272727272727,0.0,1.0,human_readable_vote_fraction
jetbrains,JetBrains/i8,0.7647058823529411,0.7647058823529411,0.0,1.0,human_readable_vote_fraction
jetbrains,JetBrains/i35,0.7619047619047619,0.7619047619047619,0.0,1.0,human_readable_vote_fraction
jetbrains,JetBrains/i46,0.7619047619047619,0.7619047619047619,0.0,1.0,human_readable_vote_fraction
jetbrains,JetBrains/i5,0.7619047619047619,0.7619047619047619,0.0,1.0,human_readable_vote_fraction
jetbrains,JetBrains/e39,0.75,0.75,0.0,1.0,human_readable_vote_fraction
jetbrains,JetBrains/e35,0.7368421052631579,0.7368421052631579,0.0,1.0,human_readable_vote_fraction
jetbrains,JetBrains/i7,0.7333333333333333,0.7333333333333333,0.0,1.0,human_readable_vote_fraction
jetbrains,JetBrains/i40,0.7272727272727273,0.7272727272727273,0.0,1.0,human_readable_vote_fraction
jetbrains,JetBrains/b56,0.7272727272727273,0.7272727272727273,0.0,1.0,human_readable_vote_fraction
jetbrains,JetBrains/e17,0.7272727272727273,0.7272727272727273,0.0,1.0,human_readable_vote_fraction
jetbrains,JetBrains/e4,0.7222222222222222,0.7222222222222222,0.0,1.0,human_readable_vote_fraction
jetbrains,JetBrains/e47,0.7222222222222222,0.7222222222222222,0.0,1.0,human_readable_vote_fraction
jetbrains,JetBrains/i54,0.7222222222222222,0.7222222222222222,0.0,1.0,human_readable_vote_fraction
jetbrains,JetBrains/b60,0.7096774193548387,0.7096774193548387,0.0,1.0,human_readable_vote_fraction
jetbrains,JetBrains/b35,0.7083333333333334,0.7083333333333334,0.0,1.0,human_readable_vote_fraction
jetbrains,JetBrains/e58,0.7083333333333334,0.7083333333333334,0.0,1.0,human_readable_vote_fraction
jetbrains,JetBrains/e49,0.6956521739130435,0.6956521739130435,0.0,1.0,human_readable_vote_fraction
jetbrains,JetBrains/i11,0.6956521739130435,0.6956521739130435,0.0,1.0,human_readable_vote_fraction
jetbrains,JetBrains/b59,0.6956521739130435,0.6956521739130435,0.0,1.0,human_readable_vote_fraction
jetbrains,JetBrains/b37,0.6842105263157895,0.6842105263157895,0.0,1.0,human_readable_vote_fraction
jetbrains,JetBrains/b10,0.3157894736842105,0.3157894736842105,0.0,1.0,human_readable_vote_fraction
jetbrains,JetBrains/i36,0.6666666666666666,0.6666666666666666,0.0,1.0,human_readable_vote_fraction
jetbrains,JetBrains/e13,0.6666666666666666,0.6666666666666666,0.0,1.0,human_readable_vote_fraction
jetbrains,JetBrains/e56,0.3333333333333333,0.3333333333333333,0.0,1.0,human_readable_vote_fraction
jetbrains,JetBrains/b24,0.6551724137931034,0.6551724137931034,0.0,1.0,human_readable_vote_fraction
jetbrains,JetBrains/b15,0.34615384615384615,0.34615384615384615,0.0,1.0,human_readable_vote_fraction
jetbrains,JetBrains/i52,0.6521739130434783,0.6521739130434783,0.0,1.0,human_readable_vote_fraction
jetbrains,JetBrains/i2,0.65,0.65,0.0,1.0,human_readable_vote_fraction
jetbrains,JetBrains/i4,0.65,0.65,0.0,1.0,human_readable_vote_fraction
jetbrains,JetBrains/i53,0.65,0.65,0.0,1.0,human_readable_vote_fraction
jetbrains,JetBrains/e60,0.35,0.35,0.0,1.0,human_readable_vote_fraction
jetbrains,JetBrains/e9,0.6470588235294118,0.6470588235294118,0.0,1.0,human_readable_vote_fraction
jetbrains,JetBrains/i64,0.6428571428571429,0.6428571428571429,0.0,1.0,human_readable_vote_fraction
jetbrains,JetBrains/b11,0.631578947368421,0.631578947368421,0.0,1.0,human_readable_vote_fraction
jetbrains,JetBrains/e25,0.6190476190476191,0.6190476190476191,0.0,1.0,human_readable_vote_fraction
jetbrains,JetBrains/e42,0.38461538461538464,0.38461538461538464,0.0,1.0,human_readable_vote_fraction
jetbrains,JetBrains/b42,0.6153846153846154,0.6153846153846154,0.0,1.0,human_readable_vote_fraction
jetbrains,JetBrains/e63,0.3888888888888889,0.3888888888888889,0.0,1.0,human_readable_vote_fraction
jetbrains,JetBrains/e8,0.39285714285714285,0.39285714285714285,0.0,1.0,human_readable_vote_fraction
jetbrains,JetBrains/i20,0.4,0.4,0.0,1.0,human_readable_vote_fraction
jetbrains,JetBrains/i3,0.5925925925925926,0.5925925925925926,0.0,1.0,human_readable_vote_fraction
jetbrains,JetBrains/e14,0.5909090909090909,0.5909090909090909,0.0,1.0,human_readable_vote_fraction
jetbrains,JetBrains/i57,0.4090909090909091,0.4090909090909091,0.0,1.0,human_readable_vote_fraction
jetbrains,JetBrains/b14,0.5862068965517241,0.5862068965517241,0.0,1.0,human_readable_vote_fraction
jetbrains,JetBrains/i58,0.5833333333333334,0.5833333333333334,0.0,1.0,human_readable_vote_fraction
jetbrains,JetBrains/b64,0.5789473684210527,0.5789473684210527,0.0,1.0,human_readable_vote_fraction
jetbrains,JetBrains/b57,0.43333333333333335,0.43333333333333335,0.0,1.0,human_readable_vote_fraction
jetbrains,JetBrains/i25,0.43478260869565216,0.43478260869565216,0.0,1.0,human_readable_vote_fraction
jetbrains,JetBrains/e2,0.4375,0.4375,0.0,1.0,human_readable_vote_fraction
jetbrains,JetBrains/i49,0.5625,0.5625,0.0,1.0,human_readable_vote_fraction
jetbrains,JetBrains/e18,0.5625,0.5625,0.0,1.0,human_readable_vote_fraction
jetbrains,JetBrains/e54,0.4375,0.4375,0.0,1.0,human_readable_vote_fraction
jetbrains,JetBrains/i56,0.5625,0.5625,0.0,1.0,human_readable_vote_fraction
jetbrains,JetBrains/b20,0.4444444444444444,0.4444444444444444,0.0,1.0,human_readable_vote_fraction
jetbrains,JetBrains/i38,0.5555555555555556,0.5555555555555556,0.0,1.0,human_readable_vote_fraction
jetbrains,JetBrains/i42,0.45454545454545453,0.45454545454545453,0.0,1.0,human_readable_vote_fraction
jetbrains,JetBrains/e11,0.45454545454545453,0.45454545454545453,0.0,1.0,human_readable_vote_fraction
jetbrains,JetBrains/i19,0.5454545454545454,0.5454545454545454,0.0,1.0,human_readable_vote_fraction
jetbrains,JetBrains/e64,0.5294117647058824,0.5294117647058824,0.0,1.0,human_readable_vote_fraction
jetbrains,JetBrains/b30,0.5263157894736842,0.5263157894736842,0.0,1.0,human_readable_vote_fraction
jetbrains,JetBrains/b2,0.5263157894736842,0.5263157894736842,0.0,1.0,human_readable_vote_fraction
jetbrains,JetBrains/e20,0.47619047619047616,0.47619047619047616,0.0,1.0,human_readable_vote_fraction
jetbrains,JetBrains/b19,0.48,0.48,0.0,1.0,human_readable_vote_fraction
jetbrains,JetBrains/i10,0.48148148148148145,0.48148148148148145,0.0,1.0,human_readable_vote_fraction
jetbrains,JetBrains/i59,0.5,0.5,0.0,1.0,human_readable_vote_fraction
jetbrains,JetBrains/e44,0.5,0.5,0.0,1.0,human_readable_vote_fraction
